month,region,bu,product_line,segment,orders,cancellations,backlog,avg_discount,asp
2024-10,NA,Core,Alpha,SMB,90,3,47,0.156,18225.97
2024-10,NA,Core,Alpha,MidMarket,72,5,54,0.117,19793.86
2024-10,NA,Core,Alpha,Enterprise,44,4,14,0.071,20630.28
2024-10,NA,Core,Beta,SMB,126,4,113,0.134,18441.61
2024-10,NA,Core,Beta,MidMarket,110,6,69,0.108,19806.37
2024-10,NA,Core,Beta,Enterprise,59,3,63,0.068,20163.27
2024-10,NA,Core,Gamma,SMB,81,6,49,0.163,17669.35
2024-10,NA,Core,Gamma,MidMarket,61,2,31,0.107,19777.52
2024-10,NA,Core,Gamma,Enterprise,33,2,28,0.055,20542.26
2024-10,NA,Core,ServicesPlus,SMB,68,4,40,0.142,19031.89
2024-10,NA,Core,ServicesPlus,MidMarket,56,4,34,0.095,19996.77
2024-10,NA,Core,ServicesPlus,Enterprise,23,1,15,0.059,20253.83
2024-10,NA,Growth,Alpha,SMB,100,8,64,0.196,17477.78
2024-10,NA,Growth,Alpha,MidMarket,74,4,34,0.13,19759.21
2024-10,NA,Growth,Alpha,Enterprise,45,3,24,0.106,19558.34
2024-10,NA,Growth,Beta,SMB,252,8,104,0.199,17587.52
2024-10,NA,Growth,Beta,MidMarket,185,8,108,0.14,18901.23
2024-10,NA,Growth,Beta,Enterprise,109,5,87,0.121,19691.64
2024-10,NA,Growth,Gamma,SMB,232,13,119,0.197,17209.53
2024-10,NA,Growth,Gamma,MidMarket,161,8,103,0.153,18646.97
2024-10,NA,Growth,Gamma,Enterprise,98,7,29,0.111,19957.43
2024-10,NA,Growth,ServicesPlus,SMB,65,3,36,0.199,17442.57
2024-10,NA,Growth,ServicesPlus,MidMarket,51,3,40,0.125,19473.34
2024-10,NA,Growth,ServicesPlus,Enterprise,31,3,15,0.073,20122.38
2024-10,NA,Services,Alpha,SMB,67,3,44,0.186,17499.61
2024-10,NA,Services,Alpha,MidMarket,58,3,30,0.102,19743.6
2024-10,NA,Services,Alpha,Enterprise,26,1,26,0.093,19979.61
2024-10,NA,Services,Beta,SMB,139,11,73,0.184,17944.93
2024-10,NA,Services,Beta,MidMarket,105,8,63,0.112,19840.45
2024-10,NA,Services,Beta,Enterprise,59,4,45,0.049,20133.75
2024-10,NA,Services,Gamma,SMB,115,10,67,0.165,18511.36
2024-10,NA,Services,Gamma,MidMarket,89,5,31,0.104,19309.94
2024-10,NA,Services,Gamma,Enterprise,44,3,13,0.086,20455.03
2024-10,NA,Services,ServicesPlus,SMB,61,3,35,0.151,18575.05
2024-10,NA,Services,ServicesPlus,MidMarket,58,3,28,0.12,20043.22
2024-10,NA,Services,ServicesPlus,Enterprise,24,3,19,0.081,20216.14
2024-10,EMEA,Core,Alpha,SMB,150,11,102,0.173,18913.12
2024-10,EMEA,Core,Alpha,MidMarket,102,9,61,0.11,19911.32
2024-10,EMEA,Core,Alpha,Enterprise,65,5,72,0.052,20614.04
2024-10,EMEA,Core,Beta,SMB,91,8,46,0.149,18892.32
2024-10,EMEA,Core,Beta,MidMarket,74,7,66,0.1,19842.51
2024-10,EMEA,Core,Beta,Enterprise,53,3,27,0.054,20727.9
2024-10,EMEA,Core,Gamma,SMB,174,6,104,0.151,18489.1
2024-10,EMEA,Core,Gamma,MidMarket,138,6,54,0.12,19207.5
2024-10,EMEA,Core,Gamma,Enterprise,78,4,41,0.066,20778.32
2024-10,EMEA,Core,ServicesPlus,SMB,98,4,43,0.159,18893.53
2024-10,EMEA,Core,ServicesPlus,MidMarket,77,2,35,0.08,20232.63
2024-10,EMEA,Core,ServicesPlus,Enterprise,38,3,7,0.073,19891.22
2024-10,EMEA,Growth,Alpha,SMB,145,10,72,0.193,17691.28
2024-10,EMEA,Growth,Alpha,MidMarket,96,6,61,0.147,18931.85
2024-10,EMEA,Growth,Alpha,Enterprise,58,3,39,0.107,18622.07
2024-10,EMEA,Growth,Beta,SMB,91,8,53,0.191,17322.98
2024-10,EMEA,Growth,Beta,MidMarket,57,3,35,0.12,19359.15
2024-10,EMEA,Growth,Beta,Enterprise,40,3,18,0.11,20269.9
2024-10,EMEA,Growth,Gamma,SMB,206,9,74,0.205,17426.68
2024-10,EMEA,Growth,Gamma,MidMarket,136,8,101,0.12,19537.82
2024-10,EMEA,Growth,Gamma,Enterprise,86,5,40,0.101,19591.21
2024-10,EMEA,Growth,ServicesPlus,SMB,144,6,79,0.191,18214.77
2024-10,EMEA,Growth,ServicesPlus,MidMarket,119,10,74,0.151,18222.42
2024-10,EMEA,Growth,ServicesPlus,Enterprise,71,4,0,0.115,20116.82
2024-10,EMEA,Services,Alpha,SMB,184,6,117,0.175,18012.86
2024-10,EMEA,Services,Alpha,MidMarket,110,6,56,0.077,20713.27
2024-10,EMEA,Services,Alpha,Enterprise,77,6,39,0.096,19694.68
2024-10,EMEA,Services,Beta,SMB,173,7,136,0.162,18788.6
2024-10,EMEA,Services,Beta,MidMarket,127,6,65,0.106,19563.41
2024-10,EMEA,Services,Beta,Enterprise,78,4,60,0.068,20775.17
2024-10,EMEA,Services,Gamma,SMB,136,12,82,0.182,18277.52
2024-10,EMEA,Services,Gamma,MidMarket,119,5,85,0.093,19840.34
2024-10,EMEA,Services,Gamma,Enterprise,74,5,54,0.074,20855.99
2024-10,EMEA,Services,ServicesPlus,SMB,78,5,47,0.167,18507.45
2024-10,EMEA,Services,ServicesPlus,MidMarket,61,5,48,0.109,19730.17
2024-10,EMEA,Services,ServicesPlus,Enterprise,33,1,8,0.077,20088.35
2024-10,APAC,Core,Alpha,SMB,76,2,40,0.164,18826.82
2024-10,APAC,Core,Alpha,MidMarket,71,6,47,0.113,19621.46
2024-10,APAC,Core,Alpha,Enterprise,34,2,8,0.069,19486.62
2024-10,APAC,Core,Beta,SMB,179,13,135,0.15,18771.38
2024-10,APAC,Core,Beta,MidMarket,159,8,97,0.098,19762.03
2024-10,APAC,Core,Beta,Enterprise,78,4,29,0.058,20813.73
2024-10,APAC,Core,Gamma,SMB,102,7,46,0.16,19118.24
2024-10,APAC,Core,Gamma,MidMarket,77,3,47,0.101,19899.45
2024-10,APAC,Core,Gamma,Enterprise,42,2,13,0.068,20045.77
2024-10,APAC,Core,ServicesPlus,SMB,169,11,114,0.142,19028.6
2024-10,APAC,Core,ServicesPlus,MidMarket,129,6,84,0.099,19912.55
2024-10,APAC,Core,ServicesPlus,Enterprise,64,4,69,0.073,19736.6
2024-10,APAC,Growth,Alpha,SMB,105,5,56,0.199,17730.82
2024-10,APAC,Growth,Alpha,MidMarket,81,3,37,0.157,18670.74
2024-10,APAC,Growth,Alpha,Enterprise,49,4,15,0.117,19190.97
2024-10,APAC,Growth,Beta,SMB,150,9,105,0.18,17421.2
2024-10,APAC,Growth,Beta,MidMarket,109,6,65,0.137,18882.59
2024-10,APAC,Growth,Beta,Enterprise,67,2,50,0.101,20478.89
2024-10,APAC,Growth,Gamma,SMB,221,11,114,0.197,18024.69
2024-10,APAC,Growth,Gamma,MidMarket,153,10,82,0.145,18936.38
2024-10,APAC,Growth,Gamma,Enterprise,95,8,25,0.102,19845.35
2024-10,APAC,Growth,ServicesPlus,SMB,165,11,95,0.2,17306.04
2024-10,APAC,Growth,ServicesPlus,MidMarket,148,12,99,0.128,19234.26
2024-10,APAC,Growth,ServicesPlus,Enterprise,73,3,36,0.095,20128.26
2024-10,APAC,Services,Alpha,SMB,191,12,107,0.162,17471.31
2024-10,APAC,Services,Alpha,MidMarket,145,9,58,0.094,19916.74
2024-10,APAC,Services,Alpha,Enterprise,99,5,81,0.089,20085.57
2024-10,APAC,Services,Beta,SMB,155,5,83,0.182,17545.28
2024-10,APAC,Services,Beta,MidMarket,109,9,50,0.103,19633.74
2024-10,APAC,Services,Beta,Enterprise,71,3,37,0.061,20671.23
2024-10,APAC,Services,Gamma,SMB,133,11,98,0.164,18190.41
2024-10,APAC,Services,Gamma,MidMarket,131,6,39,0.111,19174.89
2024-10,APAC,Services,Gamma,Enterprise,80,4,10,0.079,20449.22
2024-10,APAC,Services,ServicesPlus,SMB,140,5,97,0.158,18088.54
2024-10,APAC,Services,ServicesPlus,MidMarket,130,5,59,0.091,19521.42
2024-10,APAC,Services,ServicesPlus,Enterprise,61,4,15,0.069,20907.08
2025-03,NA,Core,Alpha,SMB,103,9,62,0.164,18694.09
2025-03,NA,Core,Alpha,MidMarket,75,4,37,0.129,18470.19
2025-03,NA,Core,Alpha,Enterprise,44,4,38,0.052,20840.41
2025-03,NA,Core,Beta,SMB,160,9,89,0.146,19056.79
2025-03,NA,Core,Beta,MidMarket,105,4,60,0.09,19874.82
2025-03,NA,Core,Beta,Enterprise,67,5,36,0.05,21546.47
2025-03,NA,Core,Gamma,SMB,85,3,47,0.175,18266.24
2025-03,NA,Core,Gamma,MidMarket,67,4,30,0.094,19240.64
2025-03,NA,Core,Gamma,Enterprise,38,3,24,0.067,20729.66
2025-03,NA,Core,ServicesPlus,SMB,68,4,33,0.16,18052.36
2025-03,NA,Core,ServicesPlus,MidMarket,54,3,32,0.097,20523.74
2025-03,NA,Core,ServicesPlus,Enterprise,32,2,14,0.05,20546.87
2025-03,NA,Growth,Alpha,SMB,107,8,42,0.197,17596.82
2025-03,NA,Growth,Alpha,MidMarket,85,5,39,0.134,18125.77
2025-03,NA,Growth,Alpha,Enterprise,44,2,34,0.087,19306.78
2025-03,NA,Growth,Beta,SMB,259,14,85,0.22,17820.77
2025-03,NA,Growth,Beta,MidMarket,192,6,67,0.134,18363.77
2025-03,NA,Growth,Beta,Enterprise,112,4,71,0.11,19954.25
2025-03,NA,Growth,Gamma,SMB,238,9,138,0.207,17368.88
2025-03,NA,Growth,Gamma,MidMarket,186,14,74,0.143,18532.98
2025-03,NA,Growth,Gamma,Enterprise,111,7,46,0.1,20158.99
2025-03,NA,Growth,ServicesPlus,SMB,67,3,43,0.22,17411.35
2025-03,NA,Growth,ServicesPlus,MidMarket,62,2,39,0.155,18383.42
2025-03,NA,Growth,ServicesPlus,Enterprise,32,3,28,0.085,20573.32
2025-03,NA,Services,Alpha,SMB,67,5,44,0.183,17857.92
2025-03,NA,Services,Alpha,MidMarket,53,3,38,0.107,19324.75
2025-03,NA,Services,Alpha,Enterprise,28,2,22,0.076,20704.08
2025-03,NA,Services,Beta,SMB,166,11,124,0.156,18866.17
2025-03,NA,Services,Beta,MidMarket,118,8,84,0.091,20015.26
2025-03,NA,Services,Beta,Enterprise,73,3,63,0.066,20277.33
2025-03,NA,Services,Gamma,SMB,114,10,81,0.188,17787.07
2025-03,NA,Services,Gamma,MidMarket,96,4,64,0.101,19822.97
2025-03,NA,Services,Gamma,Enterprise,60,4,35,0.08,19434.22
2025-03,NA,Services,ServicesPlus,SMB,73,3,49,0.176,18482.28
2025-03,NA,Services,ServicesPlus,MidMarket,56,2,21,0.107,19729.84
2025-03,NA,Services,ServicesPlus,Enterprise,33,1,31,0.052,20496.86
2025-03,EMEA,Core,Alpha,SMB,152,5,89,0.141,19169.79
2025-03,EMEA,Core,Alpha,MidMarket,118,6,49,0.109,19671.94
2025-03,EMEA,Core,Alpha,Enterprise,72,5,18,0.067,20273.33
2025-03,EMEA,Core,Beta,SMB,101,4,55,0.162,17957.26
2025-03,EMEA,Core,Beta,MidMarket,79,7,52,0.116,19255.24
2025-03,EMEA,Core,Beta,Enterprise,51,3,28,0.076,20251.58
2025-03,EMEA,Core,Gamma,SMB,187,15,94,0.164,18472.52
2025-03,EMEA,Core,Gamma,MidMarket,141,10,82,0.107,19517.81
2025-03,EMEA,Core,Gamma,Enterprise,82,7,54,0.053,20635.39
2025-03,EMEA,Core,ServicesPlus,SMB,108,4,64,0.173,17786.01
2025-03,EMEA,Core,ServicesPlus,MidMarket,84,5,33,0.087,19413.82
2025-03,EMEA,Core,ServicesPlus,Enterprise,45,2,49,0.046,21510.61
2025-03,EMEA,Growth,Alpha,SMB,152,9,65,0.231,16651.02
2025-03,EMEA,Growth,Alpha,MidMarket,114,5,60,0.142,19293.89
2025-03,EMEA,Growth,Alpha,Enterprise,64,5,40,0.106,19873.32
2025-03,EMEA,Growth,Beta,SMB,106,3,51,0.274,15268.4
2025-03,EMEA,Growth,Beta,MidMarket,95,3,39,0.212,16786.22
2025-03,EMEA,Growth,Beta,Enterprise,40,2,19,0.092,20235.89
2025-03,EMEA,Growth,Gamma,SMB,229,12,79,0.195,17726.87
2025-03,EMEA,Growth,Gamma,MidMarket,166,9,100,0.13,19652.31
2025-03,EMEA,Growth,Gamma,Enterprise,108,9,65,0.111,19337.39
2025-03,EMEA,Growth,ServicesPlus,SMB,160,10,89,0.204,17913.49
2025-03,EMEA,Growth,ServicesPlus,MidMarket,132,7,83,0.155,18837.38
2025-03,EMEA,Growth,ServicesPlus,Enterprise,61,4,42,0.088,20767.31
2025-03,EMEA,Services,Alpha,SMB,178,7,90,0.172,18675.57
2025-03,EMEA,Services,Alpha,MidMarket,148,13,72,0.101,19842.02
2025-03,EMEA,Services,Alpha,Enterprise,79,4,39,0.068,21113.27
2025-03,EMEA,Services,Beta,SMB,223,10,115,0.19,17690.32
2025-03,EMEA,Services,Beta,MidMarket,147,6,79,0.114,19605.11
2025-03,EMEA,Services,Beta,Enterprise,90,6,71,0.071,20312.02
2025-03,EMEA,Services,Gamma,SMB,175,11,105,0.182,17577.91
2025-03,EMEA,Services,Gamma,MidMarket,133,5,84,0.115,19141.44
2025-03,EMEA,Services,Gamma,Enterprise,84,3,39,0.067,20474.09
2025-03,EMEA,Services,ServicesPlus,SMB,74,5,39,0.165,18644.28
2025-03,EMEA,Services,ServicesPlus,MidMarket,61,3,37,0.104,19896.87
2025-03,EMEA,Services,ServicesPlus,Enterprise,35,3,23,0.061,20113.34
2025-03,APAC,Core,Alpha,SMB,90,8,33,0.162,18430.61
2025-03,APAC,Core,Alpha,MidMarket,69,6,30,0.089,19697.14
2025-03,APAC,Core,Alpha,Enterprise,33,1,12,0.057,20553.55
2025-03,APAC,Core,Beta,SMB,201,16,116,0.165,17805.58
2025-03,APAC,Core,Beta,MidMarket,176,13,75,0.108,19940.88
2025-03,APAC,Core,Beta,Enterprise,90,5,73,0.057,21153.84
2025-03,APAC,Core,Gamma,SMB,109,7,48,0.174,18181.24
2025-03,APAC,Core,Gamma,MidMarket,75,4,40,0.073,20372.97
2025-03,APAC,Core,Gamma,Enterprise,54,2,38,0.09,20177.94
2025-03,APAC,Core,ServicesPlus,SMB,195,9,133,0.172,17814.34
2025-03,APAC,Core,ServicesPlus,MidMarket,152,6,86,0.106,19757.48
2025-03,APAC,Core,ServicesPlus,Enterprise,79,5,59,0.061,20286.76
2025-03,APAC,Growth,Alpha,SMB,110,5,75,0.222,16987.26
2025-03,APAC,Growth,Alpha,MidMarket,93,4,53,0.135,18778.1
2025-03,APAC,Growth,Alpha,Enterprise,60,4,14,0.116,19503.09
2025-03,APAC,Growth,Beta,SMB,161,7,76,0.201,17654.43
2025-03,APAC,Growth,Beta,MidMarket,139,12,81,0.139,19109.63
2025-03,APAC,Growth,Beta,Enterprise,73,6,28,0.091,20287.82
2025-03,APAC,Growth,Gamma,SMB,211,12,115,0.215,17668.7
2025-03,APAC,Growth,Gamma,MidMarket,154,8,88,0.142,18671.48
2025-03,APAC,Growth,Gamma,Enterprise,102,4,73,0.093,19737.06
2025-03,APAC,Growth,ServicesPlus,SMB,210,18,87,0.222,16651.31
2025-03,APAC,Growth,ServicesPlus,MidMarket,164,15,90,0.127,19152.41
2025-03,APAC,Growth,ServicesPlus,Enterprise,87,6,31,0.085,20514.19
2025-03,APAC,Services,Alpha,SMB,176,8,103,0.179,18604.88
2025-03,APAC,Services,Alpha,MidMarket,152,10,79,0.111,20385.81
2025-03,APAC,Services,Alpha,Enterprise,83,3,86,0.085,19834.7
2025-03,APAC,Services,Beta,SMB,150,7,80,0.155,18573.2
2025-03,APAC,Services,Beta,MidMarket,132,10,86,0.122,19243.53
2025-03,APAC,Services,Beta,Enterprise,70,3,46,0.066,20538.77
2025-03,APAC,Services,Gamma,SMB,160,6,52,0.175,17944.26
2025-03,APAC,Services,Gamma,MidMarket,139,10,66,0.138,18563.25
2025-03,APAC,Services,Gamma,Enterprise,83,6,51,0.073,20775.52
2025-03,APAC,Services,ServicesPlus,SMB,150,6,109,0.176,17715.07
2025-03,APAC,Services,ServicesPlus,MidMarket,116,5,80,0.114,19905.06
2025-03,APAC,Services,ServicesPlus,Enterprise,56,3,43,0.087,21016.5
2025-08,NA,Core,Alpha,SMB,104,7,68,0.169,18902.01
2025-08,NA,Core,Alpha,MidMarket,73,4,60,0.083,19828.05
2025-08,NA,Core,Alpha,Enterprise,38,1,13,0.067,20716.87
2025-08,NA,Core,Beta,SMB,148,7,80,0.16,19103.42
2025-08,NA,Core,Beta,MidMarket,110,7,43,0.109,20299.4
2025-08,NA,Core,Beta,Enterprise,63,4,27,0.056,20690.22
2025-08,NA,Core,Gamma,SMB,78,3,40,0.143,19302.91
2025-08,NA,Core,Gamma,MidMarket,60,3,33,0.127,19454.31
2025-08,NA,Core,Gamma,Enterprise,34,3,17,0.067,20220.71
2025-08,NA,Core,ServicesPlus,SMB,69,4,32,0.133,18868.87
2025-08,NA,Core,ServicesPlus,MidMarket,55,3,29,0.096,20456.02
2025-08,NA,Core,ServicesPlus,Enterprise,29,2,13,0.064,20723.45
2025-08,NA,Growth,Alpha,SMB,104,7,48,0.217,16701.08
2025-08,NA,Growth,Alpha,MidMarket,72,5,51,0.152,18010.03
2025-08,NA,Growth,Alpha,Enterprise,50,3,21,0.109,20069.97
2025-08,NA,Growth,Beta,SMB,252,12,145,0.202,17863.86
2025-08,NA,Growth,Beta,MidMarket,200,14,75,0.138,19244.58
2025-08,NA,Growth,Beta,Enterprise,102,8,41,0.099,20059.53
2025-08,NA,Growth,Gamma,SMB,241,22,98,0.192,18563.1
2025-08,NA,Growth,Gamma,MidMarket,181,15,80,0.149,19153.69
2025-08,NA,Growth,Gamma,Enterprise,101,7,69,0.101,19605.7
2025-08,NA,Growth,ServicesPlus,SMB,75,6,45,0.193,17335.21
2025-08,NA,Growth,ServicesPlus,MidMarket,54,4,29,0.121,18745.4
2025-08,NA,Growth,ServicesPlus,Enterprise,29,2,17,0.091,19778.54
2025-08,NA,Services,Alpha,SMB,69,5,36,0.167,19057.01
2025-08,NA,Services,Alpha,MidMarket,53,2,39,0.104,19477.44
2025-08,NA,Services,Alpha,Enterprise,31,2,10,0.06,20643.79
2025-08,NA,Services,Beta,SMB,146,9,100,0.154,18770.51
2025-08,NA,Services,Beta,MidMarket,121,5,58,0.116,19260.22
2025-08,NA,Services,Beta,Enterprise,70,5,45,0.078,20205.25
2025-08,NA,Services,Gamma,SMB,116,8,68,0.151,18850.71
2025-08,NA,Services,Gamma,MidMarket,95,4,61,0.105,20391.14
2025-08,NA,Services,Gamma,Enterprise,59,2,38,0.058,20279.98
2025-08,NA,Services,ServicesPlus,SMB,66,6,58,0.189,18325.94
2025-08,NA,Services,ServicesPlus,MidMarket,53,3,33,0.115,19592.57
2025-08,NA,Services,ServicesPlus,Enterprise,30,2,20,0.057,21096.84
2025-08,EMEA,Core,Alpha,SMB,143,11,49,0.16,18487.38
2025-08,EMEA,Core,Alpha,MidMarket,113,8,72,0.107,20217.25
2025-08,EMEA,Core,Alpha,Enterprise,57,5,35,0.063,19950.6
2025-08,EMEA,Core,Beta,SMB,105,8,52,0.172,17978.36
2025-08,EMEA,Core,Beta,MidMarket,75,3,51,0.105,19778.59
2025-08,EMEA,Core,Beta,Enterprise,44,2,27,0.058,20012.35
2025-08,EMEA,Core,Gamma,SMB,195,17,123,0.161,18769.32
2025-08,EMEA,Core,Gamma,MidMarket,132,10,89,0.1,19520.68
2025-08,EMEA,Core,Gamma,Enterprise,72,5,47,0.066,20913.65
2025-08,EMEA,Core,ServicesPlus,SMB,95,7,77,0.173,18693.01
2025-08,EMEA,Core,ServicesPlus,MidMarket,74,3,58,0.091,19951.78
2025-08,EMEA,Core,ServicesPlus,Enterprise,44,2,37,0.065,20498.86
2025-08,EMEA,Growth,Alpha,SMB,129,7,70,0.207,18167.6
2025-08,EMEA,Growth,Alpha,MidMarket,113,8,50,0.179,18379.73
2025-08,EMEA,Growth,Alpha,Enterprise,64,5,18,0.088,19847.79
2025-08,EMEA,Growth,Beta,SMB,84,6,42,0.19,18230.04
2025-08,EMEA,Growth,Beta,MidMarket,67,3,30,0.165,18465.03
2025-08,EMEA,Growth,Beta,Enterprise,37,2,19,0.092,19704.02
2025-08,EMEA,Growth,Gamma,SMB,224,8,88,0.202,17678.57
2025-08,EMEA,Growth,Gamma,MidMarket,165,6,94,0.148,18707.64
2025-08,EMEA,Growth,Gamma,Enterprise,87,6,31,0.097,19121.09
2025-08,EMEA,Growth,ServicesPlus,SMB,160,9,80,0.203,17458.7
2025-08,EMEA,Growth,ServicesPlus,MidMarket,136,8,73,0.149,18447.97
2025-08,EMEA,Growth,ServicesPlus,Enterprise,62,2,25,0.087,19604.32
2025-08,EMEA,Services,Alpha,SMB,172,7,113,0.162,18050.13
2025-08,EMEA,Services,Alpha,MidMarket,137,9,52,0.104,19720.14
2025-08,EMEA,Services,Alpha,Enterprise,80,4,68,0.065,20713.15
2025-08,EMEA,Services,Beta,SMB,205,9,97,0.176,17723.97
2025-08,EMEA,Services,Beta,MidMarket,159,12,104,0.112,19634.27
2025-08,EMEA,Services,Beta,Enterprise,96,4,48,0.073,21070.57
2025-08,EMEA,Services,Gamma,SMB,183,13,111,0.171,18057.85
2025-08,EMEA,Services,Gamma,MidMarket,120,5,100,0.122,19064.54
2025-08,EMEA,Services,Gamma,Enterprise,75,3,58,0.083,19826.49
2025-08,EMEA,Services,ServicesPlus,SMB,90,7,49,0.169,18253.83
2025-08,EMEA,Services,ServicesPlus,MidMarket,65,3,28,0.123,19880.46
2025-08,EMEA,Services,ServicesPlus,Enterprise,30,1,5,0.082,20587.72
2025-08,APAC,Core,Alpha,SMB,76,5,62,0.151,19326.31
2025-08,APAC,Core,Alpha,MidMarket,63,5,26,0.12,19674.49
2025-08,APAC,Core,Alpha,Enterprise,37,3,24,0.059,21079.75
2025-08,APAC,Core,Beta,SMB,198,13,109,0.143,18584.29
2025-08,APAC,Core,Beta,MidMarket,182,10,96,0.121,19075.38
2025-08,APAC,Core,Beta,Enterprise,101,4,38,0.041,21246.5
2025-08,APAC,Core,Gamma,SMB,107,4,41,0.154,18266.2
2025-08,APAC,Core,Gamma,MidMarket,95,7,45,0.096,19954.32
2025-08,APAC,Core,Gamma,Enterprise,49,2,0,0.063,20436.62
2025-08,APAC,Core,ServicesPlus,SMB,199,12,83,0.166,18129.43
2025-08,APAC,Core,ServicesPlus,MidMarket,140,5,80,0.087,20269.53
2025-08,APAC,Core,ServicesPlus,Enterprise,81,6,37,0.051,20889.46
2025-08,APAC,Growth,Alpha,SMB,117,9,52,0.222,17207.77
2025-08,APAC,Growth,Alpha,MidMarket,103,6,49,0.142,18889.85
2025-08,APAC,Growth,Alpha,Enterprise,46,2,41,0.116,19852.41
2025-08,APAC,Growth,Beta,SMB,139,4,100,0.187,18213.35
2025-08,APAC,Growth,Beta,MidMarket,135,7,57,0.137,18628.97
2025-08,APAC,Growth,Beta,Enterprise,71,6,0,0.114,19404.1
2025-08,APAC,Growth,Gamma,SMB,245,19,95,0.2,17004.52
2025-08,APAC,Growth,Gamma,MidMarket,162,7,61,0.156,19000.79
2025-08,APAC,Growth,Gamma,Enterprise,99,4,78,0.097,19771.21
2025-08,APAC,Growth,ServicesPlus,SMB,209,7,125,0.219,17442.09
2025-08,APAC,Growth,ServicesPlus,MidMarket,161,9,80,0.123,19613.65
2025-08,APAC,Growth,ServicesPlus,Enterprise,80,4,36,0.089,19077.09
2025-08,APAC,Services,Alpha,SMB,193,10,116,0.178,18102.74
2025-08,APAC,Services,Alpha,MidMarket,156,6,109,0.128,18587.69
2025-08,APAC,Services,Alpha,Enterprise,90,3,44,0.076,20942.65
2025-08,APAC,Services,Beta,SMB,155,9,107,0.174,17884.99
2025-08,APAC,Services,Beta,MidMarket,132,8,66,0.105,19018.54
2025-08,APAC,Services,Beta,Enterprise,62,3,14,0.061,20567.56
2025-08,APAC,Services,Gamma,SMB,175,13,90,0.15,18773.7
2025-08,APAC,Services,Gamma,MidMarket,127,9,89,0.119,19790.32
2025-08,APAC,Services,Gamma,Enterprise,77,6,43,0.072,20421.73
2025-08,APAC,Services,ServicesPlus,SMB,152,12,77,0.16,18492.2
2025-08,APAC,Services,ServicesPlus,MidMarket,124,5,48,0.11,19920.3
2025-08,APAC,Services,ServicesPlus,Enterprise,69,5,72,0.059,21728.7
2025-11,NA,Core,Alpha,SMB,121,8,53,0.156,18088.84
2025-11,NA,Core,Alpha,MidMarket,77,6,46,0.111,19267.0
2025-11,NA,Core,Alpha,Enterprise,56,4,6,0.073,20143.18
2025-11,NA,Core,Beta,SMB,178,16,67,0.136,19303.76
2025-11,NA,Core,Beta,MidMarket,142,8,42,0.069,20659.42
2025-11,NA,Core,Beta,Enterprise,75,4,27,0.041,20590.82
2025-11,NA,Core,Gamma,SMB,104,3,44,0.139,18774.46
2025-11,NA,Core,Gamma,MidMarket,87,3,26,0.12,19123.26
2025-11,NA,Core,Gamma,Enterprise,46,2,22,0.038,21713.51
2025-11,NA,Core,ServicesPlus,SMB,71,6,44,0.175,18579.48
2025-11,NA,Core,ServicesPlus,MidMarket,66,4,29,0.11,19342.47
2025-11,NA,Core,ServicesPlus,Enterprise,37,3,5,0.049,21047.52
2025-11,NA,Growth,Alpha,SMB,128,8,55,0.203,17344.5
2025-11,NA,Growth,Alpha,MidMarket,106,5,60,0.124,19438.79
2025-11,NA,Growth,Alpha,Enterprise,49,3,29,0.116,19524.49
2025-11,NA,Growth,Beta,SMB,348,15,134,0.198,17917.89
2025-11,NA,Growth,Beta,MidMarket,244,8,120,0.145,18770.68
2025-11,NA,Growth,Beta,Enterprise,143,10,74,0.085,19885.11
2025-11,NA,Growth,Gamma,SMB,267,10,116,0.18,18217.24
2025-11,NA,Growth,Gamma,MidMarket,219,18,106,0.161,18677.61
2025-11,NA,Growth,Gamma,Enterprise,123,6,35,0.108,19371.18
2025-11,NA,Growth,ServicesPlus,SMB,87,3,35,0.212,16688.0
2025-11,NA,Growth,ServicesPlus,MidMarket,69,4,27,0.152,18706.95
2025-11,NA,Growth,ServicesPlus,Enterprise,36,1,17,0.107,19862.01
2025-11,NA,Services,Alpha,SMB,84,7,34,0.165,17788.02
2025-11,NA,Services,Alpha,MidMarket,73,5,32,0.093,20261.94
2025-11,NA,Services,Alpha,Enterprise,41,1,20,0.085,19530.0
2025-11,NA,Services,Beta,SMB,167,13,85,0.156,18709.99
2025-11,NA,Services,Beta,MidMarket,134,5,75,0.133,18226.55
2025-11,NA,Services,Beta,Enterprise,68,5,44,0.07,20045.14
2025-11,NA,Services,Gamma,SMB,170,13,63,0.178,17712.49
2025-11,NA,Services,Gamma,MidMarket,102,6,53,0.102,19952.03
2025-11,NA,Services,Gamma,Enterprise,67,2,30,0.073,21040.31
2025-11,NA,Services,ServicesPlus,SMB,83,5,56,0.18,18245.53
2025-11,NA,Services,ServicesPlus,MidMarket,74,3,27,0.091,19967.91
2025-11,NA,Services,ServicesPlus,Enterprise,41,2,14,0.052,21535.81
2025-11,EMEA,Core,Alpha,SMB,187,17,85,0.153,18082.61
2025-11,EMEA,Core,Alpha,MidMarket,138,11,80,0.092,20327.62
2025-11,EMEA,Core,Alpha,Enterprise,71,6,33,0.062,20363.43
2025-11,EMEA,Core,Beta,SMB,138,4,61,0.182,17669.22
2025-11,EMEA,Core,Beta,MidMarket,102,7,42,0.098,19784.42
2025-11,EMEA,Core,Beta,Enterprise,55,5,23,0.07,20592.81
2025-11,EMEA,Core,Gamma,SMB,199,15,108,0.146,19093.25
2025-11,EMEA,Core,Gamma,MidMarket,174,12,108,0.106,19628.64
2025-11,EMEA,Core,Gamma,Enterprise,94,5,66,0.062,21265.65
2025-11,EMEA,Core,ServicesPlus,SMB,114,10,52,0.136,18889.66
2025-11,EMEA,Core,ServicesPlus,MidMarket,80,5,50,0.108,19337.0
2025-11,EMEA,Core,ServicesPlus,Enterprise,49,4,14,0.04,21145.23
2025-11,EMEA,Growth,Alpha,SMB,176,11,52,0.221,17284.72
2025-11,EMEA,Growth,Alpha,MidMarket,131,8,57,0.119,19484.65
2025-11,EMEA,Growth,Alpha,Enterprise,77,4,20,0.123,18931.18
2025-11,EMEA,Growth,Beta,SMB,102,8,48,0.193,17959.39
2025-11,EMEA,Growth,Beta,MidMarket,78,4,41,0.127,18896.04
2025-11,EMEA,Growth,Beta,Enterprise,48,3,12,0.094,20412.24
2025-11,EMEA,Growth,Gamma,SMB,256,16,109,0.212,17840.03
2025-11,EMEA,Growth,Gamma,MidMarket,194,10,59,0.138,18546.48
2025-11,EMEA,Growth,Gamma,Enterprise,115,6,35,0.09,19815.19
2025-11,EMEA,Growth,ServicesPlus,SMB,199,10,99,0.19,17460.12
2025-11,EMEA,Growth,ServicesPlus,MidMarket,152,12,61,0.157,18042.99
2025-11,EMEA,Growth,ServicesPlus,Enterprise,85,6,34,0.081,19970.78
2025-11,EMEA,Services,Alpha,SMB,207,11,91,0.171,18160.58
2025-11,EMEA,Services,Alpha,MidMarket,143,11,64,0.109,19511.52
2025-11,EMEA,Services,Alpha,Enterprise,93,8,34,0.054,20377.8
2025-11,EMEA,Services,Beta,SMB,223,15,92,0.177,18142.97
2025-11,EMEA,Services,Beta,MidMarket,180,15,87,0.109,19439.84
2025-11,EMEA,Services,Beta,Enterprise,106,9,30,0.055,20582.58
2025-11,EMEA,Services,Gamma,SMB,184,12,82,0.184,17826.03
2025-11,EMEA,Services,Gamma,MidMarket,163,14,112,0.111,20041.6
2025-11,EMEA,Services,Gamma,Enterprise,77,5,49,0.054,21474.34
2025-11,EMEA,Services,ServicesPlus,SMB,91,6,59,0.165,18917.76
2025-11,EMEA,Services,ServicesPlus,MidMarket,58,5,39,0.092,19658.33
2025-11,EMEA,Services,ServicesPlus,Enterprise,40,2,19,0.07,20983.17
2025-11,APAC,Core,Alpha,SMB,106,4,41,0.156,18108.65
2025-11,APAC,Core,Alpha,MidMarket,77,4,31,0.086,20539.08
2025-11,APAC,Core,Alpha,Enterprise,47,2,25,0.062,19942.38
2025-11,APAC,Core,Beta,SMB,258,16,132,0.156,18547.79
2025-11,APAC,Core,Beta,MidMarket,184,12,97,0.07,20580.22
2025-11,APAC,Core,Beta,Enterprise,102,9,66,0.067,20287.98
2025-11,APAC,Core,Gamma,SMB,132,9,49,0.144,18457.28
2025-11,APAC,Core,Gamma,MidMarket,114,9,42,0.103,20002.76
2025-11,APAC,Core,Gamma,Enterprise,64,3,41,0.056,21096.22
2025-11,APAC,Core,ServicesPlus,SMB,237,18,94,0.148,19022.28
2025-11,APAC,Core,ServicesPlus,MidMarket,175,10,74,0.092,19869.49
2025-11,APAC,Core,ServicesPlus,Enterprise,99,7,38,0.062,20197.68
2025-11,APAC,Growth,Alpha,SMB,139,8,52,0.203,17155.51
2025-11,APAC,Growth,Alpha,MidMarket,117,5,53,0.143,18456.52
2025-11,APAC,Growth,Alpha,Enterprise,64,5,25,0.12,19124.19
2025-11,APAC,Growth,Beta,SMB,200,17,83,0.194,17702.21
2025-11,APAC,Growth,Beta,MidMarket,187,15,93,0.135,19167.31
2025-11,APAC,Growth,Beta,Enterprise,91,5,28,0.097,20113.47
2025-11,APAC,Growth,Gamma,SMB,278,21,113,0.197,18040.24
2025-11,APAC,Growth,Gamma,MidMarket,207,11,83,0.13,18870.17
2025-11,APAC,Growth,Gamma,Enterprise,137,10,51,0.097,19664.79
2025-11,APAC,Growth,ServicesPlus,SMB,248,9,69,0.195,17934.89
2025-11,APAC,Growth,ServicesPlus,MidMarket,188,16,98,0.12,18902.29
2025-11,APAC,Growth,ServicesPlus,Enterprise,109,4,48,0.105,19393.92
2025-11,APAC,Services,Alpha,SMB,221,13,123,0.173,18262.04
2025-11,APAC,Services,Alpha,MidMarket,183,9,96,0.125,19246.68
2025-11,APAC,Services,Alpha,Enterprise,98,6,86,0.074,20617.08
2025-11,APAC,Services,Beta,SMB,190,17,69,0.161,18147.04
2025-11,APAC,Services,Beta,MidMarket,162,11,51,0.096,20066.26
2025-11,APAC,Services,Beta,Enterprise,97,5,46,0.04,21001.24
2025-11,APAC,Services,Gamma,SMB,205,14,108,0.166,18417.06
2025-11,APAC,Services,Gamma,MidMarket,182,8,106,0.104,19291.48
2025-11,APAC,Services,Gamma,Enterprise,92,4,35,0.068,20243.85
2025-11,APAC,Services,ServicesPlus,SMB,163,10,88,0.152,19043.69
2025-11,APAC,Services,ServicesPlus,MidMarket,122,5,64,0.118,19397.97
2025-11,APAC,Services,ServicesPlus,Enterprise,76,5,15,0.067,20979.01
