month,region,bu,product_line,otif,lead_time_days,stockouts,backorders,supplier_delay_days
2023-01,NA,Core,Alpha,0.966,18,2,1,0.4
2023-01,NA,Core,Beta,0.954,16,3,3,1.1
2023-01,NA,Core,Gamma,0.934,23,3,1,0.0
2023-01,NA,Core,ServicesPlus,0.957,20,3,1,0.5
2023-01,NA,Growth,Alpha,0.94,23,2,5,1.2
2023-01,NA,Growth,Beta,0.894,25,4,4,2.7
2023-01,NA,Growth,Gamma,0.922,20,3,0,2.3
2023-01,NA,Growth,ServicesPlus,0.929,19,2,6,2.3
2023-01,NA,Services,Alpha,0.955,10,0,5,1.3
2023-01,NA,Services,Beta,0.97,7,2,2,0.1
2023-01,NA,Services,Gamma,0.946,11,3,0,0.0
2023-01,NA,Services,ServicesPlus,0.977,11,1,5,2.2
2023-01,EMEA,Core,Alpha,0.94,22,0,0,0.7
2023-01,EMEA,Core,Beta,0.974,17,0,5,0.5
2023-01,EMEA,Core,Gamma,0.949,20,1,1,2.0
2023-01,EMEA,Core,ServicesPlus,0.951,18,2,2,2.7
2023-01,EMEA,Growth,Alpha,0.902,22,1,3,2.4
2023-01,EMEA,Growth,Beta,0.936,20,3,2,2.9
2023-01,EMEA,Growth,Gamma,0.945,14,0,2,2.4
2023-01,EMEA,Growth,ServicesPlus,0.9,27,0,3,2.2
2023-01,EMEA,Services,Alpha,0.944,17,0,2,2.8
2023-01,EMEA,Services,Beta,0.956,8,3,3,0.7
2023-01,EMEA,Services,Gamma,0.933,14,1,4,1.4
2023-01,EMEA,Services,ServicesPlus,0.948,9,3,2,2.5
2023-01,APAC,Core,Alpha,0.938,19,4,2,2.0
2023-01,APAC,Core,Beta,0.941,14,3,0,1.0
2023-01,APAC,Core,Gamma,0.92,19,3,1,2.5
2023-01,APAC,Core,ServicesPlus,0.93,17,0,5,1.1
2023-01,APAC,Growth,Alpha,0.912,23,1,1,0.0
2023-01,APAC,Growth,Beta,0.909,20,4,5,0.0
2023-01,APAC,Growth,Gamma,0.926,18,1,3,0.3
2023-01,APAC,Growth,ServicesPlus,0.922,22,2,2,3.7
2023-01,APAC,Services,Alpha,0.955,9,3,0,0.9
2023-01,APAC,Services,Beta,0.938,10,1,3,2.0
2023-01,APAC,Services,Gamma,0.961,6,0,4,1.6
2023-01,APAC,Services,ServicesPlus,0.942,14,0,2,1.3
2023-02,NA,Core,Alpha,0.927,20,1,5,2.3
2023-02,NA,Core,Beta,0.932,13,2,1,2.5
2023-02,NA,Core,Gamma,0.962,24,2,4,1.8
2023-02,NA,Core,ServicesPlus,0.951,22,5,3,3.1
2023-02,NA,Growth,Alpha,0.934,25,4,4,2.6
2023-02,NA,Growth,Beta,0.931,21,3,3,1.7
2023-02,NA,Growth,Gamma,0.921,27,3,2,0.6
2023-02,NA,Growth,ServicesPlus,0.915,21,0,3,2.1
2023-02,NA,Services,Alpha,0.978,10,0,1,0.0
2023-02,NA,Services,Beta,0.969,15,3,6,2.5
2023-02,NA,Services,Gamma,0.963,10,2,1,0.2
2023-02,NA,Services,ServicesPlus,0.929,9,1,2,1.4
2023-02,EMEA,Core,Alpha,0.914,19,0,4,0.6
2023-02,EMEA,Core,Beta,0.96,17,2,4,2.1
2023-02,EMEA,Core,Gamma,0.934,14,1,2,4.5
2023-02,EMEA,Core,ServicesPlus,0.959,14,2,3,1.2
2023-02,EMEA,Growth,Alpha,0.956,21,4,3,1.3
2023-02,EMEA,Growth,Beta,0.92,23,3,4,3.2
2023-02,EMEA,Growth,Gamma,0.946,23,2,4,2.9
2023-02,EMEA,Growth,ServicesPlus,0.93,22,3,2,1.1
2023-02,EMEA,Services,Alpha,0.959,15,2,2,0.1
2023-02,EMEA,Services,Beta,0.954,11,4,6,0.8
2023-02,EMEA,Services,Gamma,0.94,9,2,5,0.7
2023-02,EMEA,Services,ServicesPlus,0.93,7,1,4,2.7
2023-02,APAC,Core,Alpha,0.918,23,0,1,1.2
2023-02,APAC,Core,Beta,0.933,16,1,2,1.8
2023-02,APAC,Core,Gamma,0.946,18,2,2,0.3
2023-02,APAC,Core,ServicesPlus,0.958,21,0,6,0.0
2023-02,APAC,Growth,Alpha,0.929,18,0,1,1.5
2023-02,APAC,Growth,Beta,0.936,21,5,2,0.3
2023-02,APAC,Growth,Gamma,0.95,24,3,2,1.9
2023-02,APAC,Growth,ServicesPlus,0.909,25,0,2,1.1
2023-02,APAC,Services,Alpha,0.946,12,1,3,0.2
2023-02,APAC,Services,Beta,0.99,10,5,0,1.4
2023-02,APAC,Services,Gamma,0.956,10,0,2,0.4
2023-02,APAC,Services,ServicesPlus,0.981,9,0,4,2.4
2023-03,NA,Core,Alpha,0.969,21,1,1,2.3
2023-03,NA,Core,Beta,0.927,22,1,3,0.8
2023-03,NA,Core,Gamma,0.939,16,4,1,3.4
2023-03,NA,Core,ServicesPlus,0.968,16,3,4,0.5
2023-03,NA,Growth,Alpha,0.935,25,2,4,2.8
2023-03,NA,Growth,Beta,0.927,19,1,6,1.9
2023-03,NA,Growth,Gamma,0.92,24,2,3,1.4
2023-03,NA,Growth,ServicesPlus,0.918,23,1,1,1.2
2023-03,NA,Services,Alpha,0.954,5,1,5,2.1
2023-03,NA,Services,Beta,0.964,7,6,1,1.9
2023-03,NA,Services,Gamma,0.956,10,1,1,1.9
2023-03,NA,Services,ServicesPlus,0.96,16,0,2,0.8
2023-03,EMEA,Core,Alpha,0.927,16,2,4,0.8
2023-03,EMEA,Core,Beta,0.963,19,3,5,0.9
2023-03,EMEA,Core,Gamma,0.936,20,0,2,0.6
2023-03,EMEA,Core,ServicesPlus,0.929,19,1,3,1.0
2023-03,EMEA,Growth,Alpha,0.94,23,3,5,3.3
2023-03,EMEA,Growth,Beta,0.931,20,1,6,2.2
2023-03,EMEA,Growth,Gamma,0.939,25,3,1,2.9
2023-03,EMEA,Growth,ServicesPlus,0.909,23,2,1,2.6
2023-03,EMEA,Services,Alpha,0.951,14,4,2,0.9
2023-03,EMEA,Services,Beta,0.954,10,0,1,1.7
2023-03,EMEA,Services,Gamma,0.976,7,2,4,2.3
2023-03,EMEA,Services,ServicesPlus,0.953,12,2,4,2.8
2023-03,APAC,Core,Alpha,0.91,21,2,4,1.5
2023-03,APAC,Core,Beta,0.948,16,5,1,2.2
2023-03,APAC,Core,Gamma,0.971,17,1,3,0.0
2023-03,APAC,Core,ServicesPlus,0.927,18,2,3,0.0
2023-03,APAC,Growth,Alpha,0.932,26,0,4,0.9
2023-03,APAC,Growth,Beta,0.933,20,3,1,2.6
2023-03,APAC,Growth,Gamma,0.903,22,2,5,0.2
2023-03,APAC,Growth,ServicesPlus,0.965,26,2,4,0.6
2023-03,APAC,Services,Alpha,0.937,13,1,5,3.4
2023-03,APAC,Services,Beta,0.947,13,3,3,1.2
2023-03,APAC,Services,Gamma,0.949,9,2,4,3.2
2023-03,APAC,Services,ServicesPlus,0.961,8,4,5,0.7
2023-04,NA,Core,Alpha,0.939,20,3,4,0.6
2023-04,NA,Core,Beta,0.943,19,2,7,0.9
2023-04,NA,Core,Gamma,0.928,17,3,2,0.0
2023-04,NA,Core,ServicesPlus,0.975,11,1,3,0.7
2023-04,NA,Growth,Alpha,0.935,21,3,4,0.5
2023-04,NA,Growth,Beta,0.916,17,2,3,1.1
2023-04,NA,Growth,Gamma,0.934,20,1,2,1.3
2023-04,NA,Growth,ServicesPlus,0.913,24,1,5,2.0
2023-04,NA,Services,Alpha,0.96,11,4,1,3.3
2023-04,NA,Services,Beta,0.957,6,3,1,2.4
2023-04,NA,Services,Gamma,0.969,10,4,3,2.8
2023-04,NA,Services,ServicesPlus,0.961,9,2,6,0.1
2023-04,EMEA,Core,Alpha,0.961,19,2,0,0.5
2023-04,EMEA,Core,Beta,0.953,16,3,1,0.7
2023-04,EMEA,Core,Gamma,0.955,21,1,4,0.6
2023-04,EMEA,Core,ServicesPlus,0.945,14,3,1,2.0
2023-04,EMEA,Growth,Alpha,0.928,20,0,2,1.0
2023-04,EMEA,Growth,Beta,0.946,15,2,4,1.8
2023-04,EMEA,Growth,Gamma,0.945,21,3,4,3.8
2023-04,EMEA,Growth,ServicesPlus,0.938,25,0,3,2.4
2023-04,EMEA,Services,Alpha,0.952,12,2,7,1.7
2023-04,EMEA,Services,Beta,0.942,11,2,1,1.3
2023-04,EMEA,Services,Gamma,0.968,12,5,7,3.4
2023-04,EMEA,Services,ServicesPlus,0.962,6,0,3,1.4
2023-04,APAC,Core,Alpha,0.924,21,5,1,0.9
2023-04,APAC,Core,Beta,0.931,18,1,3,2.6
2023-04,APAC,Core,Gamma,0.946,15,0,2,1.2
2023-04,APAC,Core,ServicesPlus,0.937,13,1,1,0.1
2023-04,APAC,Growth,Alpha,0.923,17,1,3,2.2
2023-04,APAC,Growth,Beta,0.916,23,4,2,3.7
2023-04,APAC,Growth,Gamma,0.925,20,2,2,0.9
2023-04,APAC,Growth,ServicesPlus,0.928,13,2,5,2.5
2023-04,APAC,Services,Alpha,0.951,10,4,2,1.9
2023-04,APAC,Services,Beta,0.936,11,3,2,0.0
2023-04,APAC,Services,Gamma,0.954,8,4,1,3.2
2023-04,APAC,Services,ServicesPlus,0.976,10,0,3,2.2
2023-05,NA,Core,Alpha,0.97,19,0,2,0.8
2023-05,NA,Core,Beta,0.94,15,2,3,2.1
2023-05,NA,Core,Gamma,0.922,13,5,3,2.2
2023-05,NA,Core,ServicesPlus,0.929,13,4,5,1.2
2023-05,NA,Growth,Alpha,0.949,21,5,3,0.6
2023-05,NA,Growth,Beta,0.911,21,2,3,0.0
2023-05,NA,Growth,Gamma,0.945,23,3,5,1.6
2023-05,NA,Growth,ServicesPlus,0.944,24,4,3,2.5
2023-05,NA,Services,Alpha,0.972,10,3,3,1.1
2023-05,NA,Services,Beta,0.972,11,0,1,0.3
2023-05,NA,Services,Gamma,0.982,13,0,3,2.6
2023-05,NA,Services,ServicesPlus,0.965,10,3,2,1.8
2023-05,EMEA,Core,Alpha,0.92,16,3,1,2.4
2023-05,EMEA,Core,Beta,0.95,15,0,2,1.1
2023-05,EMEA,Core,Gamma,0.953,17,0,2,1.8
2023-05,EMEA,Core,ServicesPlus,0.963,21,1,3,2.2
2023-05,EMEA,Growth,Alpha,0.931,19,1,5,3.2
2023-05,EMEA,Growth,Beta,0.941,22,2,0,0.3
2023-05,EMEA,Growth,Gamma,0.942,20,1,4,0.0
2023-05,EMEA,Growth,ServicesPlus,0.904,24,3,1,0.0
2023-05,EMEA,Services,Alpha,0.958,8,2,2,2.5
2023-05,EMEA,Services,Beta,0.966,4,2,4,4.4
2023-05,EMEA,Services,Gamma,0.968,12,3,1,2.8
2023-05,EMEA,Services,ServicesPlus,0.99,9,2,3,1.7
2023-05,APAC,Core,Alpha,0.94,23,0,1,2.2
2023-05,APAC,Core,Beta,0.961,15,2,3,0.5
2023-05,APAC,Core,Gamma,0.934,22,3,2,3.5
2023-05,APAC,Core,ServicesPlus,0.941,16,4,3,4.2
2023-05,APAC,Growth,Alpha,0.923,24,5,2,2.7
2023-05,APAC,Growth,Beta,0.941,23,1,4,2.1
2023-05,APAC,Growth,Gamma,0.946,12,1,5,0.5
2023-05,APAC,Growth,ServicesPlus,0.894,20,1,2,2.0
2023-05,APAC,Services,Alpha,0.982,11,1,2,1.9
2023-05,APAC,Services,Beta,0.977,15,5,2,2.2
2023-05,APAC,Services,Gamma,0.959,14,1,4,1.3
2023-05,APAC,Services,ServicesPlus,0.964,9,1,4,1.0
2023-06,NA,Core,Alpha,0.947,15,4,2,1.2
2023-06,NA,Core,Beta,0.926,14,1,3,2.7
2023-06,NA,Core,Gamma,0.96,13,1,1,0.0
2023-06,NA,Core,ServicesPlus,0.937,13,2,1,2.4
2023-06,NA,Growth,Alpha,0.906,20,3,5,1.8
2023-06,NA,Growth,Beta,0.936,26,2,1,1.0
2023-06,NA,Growth,Gamma,0.949,22,4,3,2.0
2023-06,NA,Growth,ServicesPlus,0.919,23,0,5,0.4
2023-06,NA,Services,Alpha,0.945,10,1,2,1.2
2023-06,NA,Services,Beta,0.967,5,2,1,1.5
2023-06,NA,Services,Gamma,0.954,15,0,7,1.8
2023-06,NA,Services,ServicesPlus,0.959,7,0,4,1.7
2023-06,EMEA,Core,Alpha,0.94,20,3,6,1.3
2023-06,EMEA,Core,Beta,0.941,13,4,6,2.0
2023-06,EMEA,Core,Gamma,0.931,8,3,1,2.4
2023-06,EMEA,Core,ServicesPlus,0.95,19,1,2,0.0
2023-06,EMEA,Growth,Alpha,0.909,23,4,1,4.1
2023-06,EMEA,Growth,Beta,0.938,21,4,6,2.1
2023-06,EMEA,Growth,Gamma,0.939,23,2,2,1.0
2023-06,EMEA,Growth,ServicesPlus,0.941,22,1,3,2.9
2023-06,EMEA,Services,Alpha,0.959,10,4,5,1.1
2023-06,EMEA,Services,Beta,0.948,9,3,4,1.4
2023-06,EMEA,Services,Gamma,0.948,12,5,3,2.0
2023-06,EMEA,Services,ServicesPlus,0.964,9,1,3,2.5
2023-06,APAC,Core,Alpha,0.959,20,1,7,0.0
2023-06,APAC,Core,Beta,0.958,18,2,2,2.2
2023-06,APAC,Core,Gamma,0.932,14,3,5,2.1
2023-06,APAC,Core,ServicesPlus,0.943,15,2,3,1.8
2023-06,APAC,Growth,Alpha,0.934,21,0,3,3.0
2023-06,APAC,Growth,Beta,0.9,23,2,5,0.0
2023-06,APAC,Growth,Gamma,0.915,27,3,3,2.5
2023-06,APAC,Growth,ServicesPlus,0.919,23,1,4,3.9
2023-06,APAC,Services,Alpha,0.98,12,0,3,3.1
2023-06,APAC,Services,Beta,0.971,7,2,1,2.0
2023-06,APAC,Services,Gamma,0.964,8,1,2,1.7
2023-06,APAC,Services,ServicesPlus,0.965,14,3,1,3.2
2023-07,NA,Core,Alpha,0.931,20,4,2,3.1
2023-07,NA,Core,Beta,0.919,20,4,1,2.8
2023-07,NA,Core,Gamma,0.932,17,6,2,0.7
2023-07,NA,Core,ServicesPlus,0.94,17,2,2,0.4
2023-07,NA,Growth,Alpha,0.937,25,0,3,1.1
2023-07,NA,Growth,Beta,0.936,19,0,0,2.6
2023-07,NA,Growth,Gamma,0.931,24,0,3,1.2
2023-07,NA,Growth,ServicesPlus,0.908,22,1,3,1.0
2023-07,NA,Services,Alpha,0.941,7,4,5,2.5
2023-07,NA,Services,Beta,0.964,7,2,1,1.5
2023-07,NA,Services,Gamma,0.957,8,4,5,2.2
2023-07,NA,Services,ServicesPlus,0.969,9,1,6,0.3
2023-07,EMEA,Core,Alpha,0.957,19,2,3,0.1
2023-07,EMEA,Core,Beta,0.957,14,0,1,3.2
2023-07,EMEA,Core,Gamma,0.927,18,1,3,1.8
2023-07,EMEA,Core,ServicesPlus,0.967,21,3,5,0.5
2023-07,EMEA,Growth,Alpha,0.886,24,1,4,1.4
2023-07,EMEA,Growth,Beta,0.933,21,3,2,1.4
2023-07,EMEA,Growth,Gamma,0.953,22,1,1,3.4
2023-07,EMEA,Growth,ServicesPlus,0.922,21,5,3,0.2
2023-07,EMEA,Services,Alpha,0.959,9,2,6,0.0
2023-07,EMEA,Services,Beta,0.933,8,2,1,1.1
2023-07,EMEA,Services,Gamma,0.951,5,2,1,1.5
2023-07,EMEA,Services,ServicesPlus,0.973,14,2,1,1.1
2023-07,APAC,Core,Alpha,0.912,18,4,1,0.4
2023-07,APAC,Core,Beta,0.961,21,1,4,2.5
2023-07,APAC,Core,Gamma,0.939,19,5,1,0.4
2023-07,APAC,Core,ServicesPlus,0.921,19,2,6,1.7
2023-07,APAC,Growth,Alpha,0.919,17,1,2,0.7
2023-07,APAC,Growth,Beta,0.892,23,2,6,1.7
2023-07,APAC,Growth,Gamma,0.936,26,2,5,0.4
2023-07,APAC,Growth,ServicesPlus,0.923,18,1,4,0.9
2023-07,APAC,Services,Alpha,0.951,6,3,2,0.3
2023-07,APAC,Services,Beta,0.99,9,2,0,2.0
2023-07,APAC,Services,Gamma,0.957,12,2,2,2.9
2023-07,APAC,Services,ServicesPlus,0.953,13,3,2,0.0
2023-08,NA,Core,Alpha,0.953,15,2,2,2.7
2023-08,NA,Core,Beta,0.929,19,2,3,1.4
2023-08,NA,Core,Gamma,0.924,18,3,5,1.0
2023-08,NA,Core,ServicesPlus,0.95,19,0,6,0.3
2023-08,NA,Growth,Alpha,0.897,20,2,3,0.0
2023-08,NA,Growth,Beta,0.94,24,0,3,0.8
2023-08,NA,Growth,Gamma,0.94,21,0,4,3.3
2023-08,NA,Growth,ServicesPlus,0.941,28,1,4,2.0
2023-08,NA,Services,Alpha,0.948,6,0,4,1.9
2023-08,NA,Services,Beta,0.957,10,3,3,1.4
2023-08,NA,Services,Gamma,0.953,12,2,3,0.4
2023-08,NA,Services,ServicesPlus,0.99,8,2,3,0.7
2023-08,EMEA,Core,Alpha,0.929,18,1,3,2.8
2023-08,EMEA,Core,Beta,0.961,14,1,2,2.2
2023-08,EMEA,Core,Gamma,0.943,21,1,2,1.2
2023-08,EMEA,Core,ServicesPlus,0.941,20,2,3,3.2
2023-08,EMEA,Growth,Alpha,0.932,20,2,4,4.1
2023-08,EMEA,Growth,Beta,0.934,23,2,1,1.9
2023-08,EMEA,Growth,Gamma,0.927,22,0,3,0.2
2023-08,EMEA,Growth,ServicesPlus,0.926,21,1,4,2.6
2023-08,EMEA,Services,Alpha,0.949,12,0,4,0.5
2023-08,EMEA,Services,Beta,0.939,9,1,1,1.6
2023-08,EMEA,Services,Gamma,0.974,9,2,6,2.6
2023-08,EMEA,Services,ServicesPlus,0.97,10,1,1,2.7
2023-08,APAC,Core,Alpha,0.942,16,1,1,1.6
2023-08,APAC,Core,Beta,0.959,16,1,0,2.8
2023-08,APAC,Core,Gamma,0.915,20,1,4,2.0
2023-08,APAC,Core,ServicesPlus,0.952,19,2,7,0.8
2023-08,APAC,Growth,Alpha,0.904,19,1,4,3.8
2023-08,APAC,Growth,Beta,0.934,26,0,2,1.4
2023-08,APAC,Growth,Gamma,0.906,22,2,5,1.0
2023-08,APAC,Growth,ServicesPlus,0.921,23,2,3,1.2
2023-08,APAC,Services,Alpha,0.938,9,0,8,2.1
2023-08,APAC,Services,Beta,0.972,12,0,1,2.7
2023-08,APAC,Services,Gamma,0.964,10,1,6,2.9
2023-08,APAC,Services,ServicesPlus,0.975,11,0,1,2.0
2023-09,NA,Core,Alpha,0.923,16,1,1,1.5
2023-09,NA,Core,Beta,0.909,13,1,0,1.4
2023-09,NA,Core,Gamma,0.945,19,3,3,0.2
2023-09,NA,Core,ServicesPlus,0.943,13,1,3,3.1
2023-09,NA,Growth,Alpha,0.93,23,1,4,0.0
2023-09,NA,Growth,Beta,0.916,23,1,2,2.3
2023-09,NA,Growth,Gamma,0.904,23,1,5,1.2
2023-09,NA,Growth,ServicesPlus,0.921,19,0,0,0.7
2023-09,NA,Services,Alpha,0.965,7,3,4,2.3
2023-09,NA,Services,Beta,0.928,9,1,5,0.3
2023-09,NA,Services,Gamma,0.971,13,3,3,1.2
2023-09,NA,Services,ServicesPlus,0.953,11,0,3,2.3
2023-09,EMEA,Core,Alpha,0.946,16,5,2,2.9
2023-09,EMEA,Core,Beta,0.935,16,1,6,0.0
2023-09,EMEA,Core,Gamma,0.944,21,2,4,1.9
2023-09,EMEA,Core,ServicesPlus,0.937,12,1,3,0.0
2023-09,EMEA,Growth,Alpha,0.889,24,2,6,1.7
2023-09,EMEA,Growth,Beta,0.906,21,1,3,1.2
2023-09,EMEA,Growth,Gamma,0.928,21,1,1,2.4
2023-09,EMEA,Growth,ServicesPlus,0.916,16,1,2,2.4
2023-09,EMEA,Services,Alpha,0.959,13,0,2,2.6
2023-09,EMEA,Services,Beta,0.944,9,3,4,2.4
2023-09,EMEA,Services,Gamma,0.935,5,2,1,1.1
2023-09,EMEA,Services,ServicesPlus,0.96,8,2,2,2.8
2023-09,APAC,Core,Alpha,0.928,19,0,2,2.0
2023-09,APAC,Core,Beta,0.933,16,4,3,1.8
2023-09,APAC,Core,Gamma,0.959,15,2,4,1.6
2023-09,APAC,Core,ServicesPlus,0.949,16,1,5,3.2
2023-09,APAC,Growth,Alpha,0.951,19,2,4,0.3
2023-09,APAC,Growth,Beta,0.946,15,3,4,0.3
2023-09,APAC,Growth,Gamma,0.923,26,2,5,1.4
2023-09,APAC,Growth,ServicesPlus,0.927,23,2,4,2.3
2023-09,APAC,Services,Alpha,0.956,6,4,0,2.1
2023-09,APAC,Services,Beta,0.968,12,1,1,2.4
2023-09,APAC,Services,Gamma,0.963,12,2,3,1.5
2023-09,APAC,Services,ServicesPlus,0.99,9,4,1,1.9
2023-10,NA,Core,Alpha,0.981,20,0,3,1.6
2023-10,NA,Core,Beta,0.895,20,2,1,0.0
2023-10,NA,Core,Gamma,0.946,19,2,5,0.6
2023-10,NA,Core,ServicesPlus,0.951,18,3,2,3.2
2023-10,NA,Growth,Alpha,0.924,22,4,4,0.0
2023-10,NA,Growth,Beta,0.918,21,4,6,2.3
2023-10,NA,Growth,Gamma,0.926,21,2,3,1.2
2023-10,NA,Growth,ServicesPlus,0.89,20,1,1,0.0
2023-10,NA,Services,Alpha,0.977,6,3,2,3.3
2023-10,NA,Services,Beta,0.953,9,3,2,1.9
2023-10,NA,Services,Gamma,0.976,12,2,3,3.4
2023-10,NA,Services,ServicesPlus,0.937,8,2,4,1.0
2023-10,EMEA,Core,Alpha,0.945,18,2,5,1.5
2023-10,EMEA,Core,Beta,0.944,16,6,1,2.8
2023-10,EMEA,Core,Gamma,0.956,18,2,4,2.8
2023-10,EMEA,Core,ServicesPlus,0.927,16,3,2,0.0
2023-10,EMEA,Growth,Alpha,0.915,27,1,1,3.5
2023-10,EMEA,Growth,Beta,0.925,16,0,3,1.7
2023-10,EMEA,Growth,Gamma,0.911,21,3,3,1.3
2023-10,EMEA,Growth,ServicesPlus,0.932,26,2,2,2.9
2023-10,EMEA,Services,Alpha,0.964,12,3,9,0.6
2023-10,EMEA,Services,Beta,0.95,14,2,2,0.1
2023-10,EMEA,Services,Gamma,0.961,10,1,1,2.2
2023-10,EMEA,Services,ServicesPlus,0.934,12,1,2,0.5
2023-10,APAC,Core,Alpha,0.918,18,4,1,2.4
2023-10,APAC,Core,Beta,0.942,21,1,4,2.8
2023-10,APAC,Core,Gamma,0.942,17,4,4,2.8
2023-10,APAC,Core,ServicesPlus,0.918,20,2,1,1.9
2023-10,APAC,Growth,Alpha,0.934,23,3,1,4.0
2023-10,APAC,Growth,Beta,0.917,22,4,2,1.4
2023-10,APAC,Growth,Gamma,0.932,25,5,3,1.4
2023-10,APAC,Growth,ServicesPlus,0.904,19,2,5,2.5
2023-10,APAC,Services,Alpha,0.968,12,2,2,2.6
2023-10,APAC,Services,Beta,0.953,9,3,2,0.9
2023-10,APAC,Services,Gamma,0.987,7,3,6,2.2
2023-10,APAC,Services,ServicesPlus,0.974,9,0,3,1.1
2023-11,NA,Core,Alpha,0.922,18,2,2,0.0
2023-11,NA,Core,Beta,0.928,19,2,3,1.9
2023-11,NA,Core,Gamma,0.938,20,2,3,1.7
2023-11,NA,Core,ServicesPlus,0.959,16,4,3,2.2
2023-11,NA,Growth,Alpha,0.924,21,0,3,1.7
2023-11,NA,Growth,Beta,0.921,22,2,2,1.6
2023-11,NA,Growth,Gamma,0.915,23,5,3,1.7
2023-11,NA,Growth,ServicesPlus,0.931,23,4,4,0.1
2023-11,NA,Services,Alpha,0.976,11,2,0,3.1
2023-11,NA,Services,Beta,0.945,9,1,5,3.5
2023-11,NA,Services,Gamma,0.946,12,2,9,0.2
2023-11,NA,Services,ServicesPlus,0.964,10,2,2,1.1
2023-11,EMEA,Core,Alpha,0.95,19,1,3,0.0
2023-11,EMEA,Core,Beta,0.938,18,0,2,0.5
2023-11,EMEA,Core,Gamma,0.933,20,1,4,3.1
2023-11,EMEA,Core,ServicesPlus,0.946,13,2,2,0.2
2023-11,EMEA,Growth,Alpha,0.929,20,0,4,1.1
2023-11,EMEA,Growth,Beta,0.917,23,2,3,3.5
2023-11,EMEA,Growth,Gamma,0.914,22,2,2,1.2
2023-11,EMEA,Growth,ServicesPlus,0.958,23,1,2,1.6
2023-11,EMEA,Services,Alpha,0.952,12,2,2,2.0
2023-11,EMEA,Services,Beta,0.967,7,2,4,1.9
2023-11,EMEA,Services,Gamma,0.962,6,1,0,1.9
2023-11,EMEA,Services,ServicesPlus,0.953,10,1,3,0.8
2023-11,APAC,Core,Alpha,0.944,22,1,3,2.8
2023-11,APAC,Core,Beta,0.923,21,0,2,1.7
2023-11,APAC,Core,Gamma,0.96,16,2,2,3.2
2023-11,APAC,Core,ServicesPlus,0.948,16,0,1,0.8
2023-11,APAC,Growth,Alpha,0.935,22,2,0,1.2
2023-11,APAC,Growth,Beta,0.942,21,3,4,0.7
2023-11,APAC,Growth,Gamma,0.937,22,0,1,1.4
2023-11,APAC,Growth,ServicesPlus,0.929,24,0,3,2.5
2023-11,APAC,Services,Alpha,0.94,10,1,2,1.7
2023-11,APAC,Services,Beta,0.96,12,2,3,1.1
2023-11,APAC,Services,Gamma,0.967,8,2,4,1.3
2023-11,APAC,Services,ServicesPlus,0.972,9,1,2,2.3
2023-12,NA,Core,Alpha,0.934,18,4,5,0.7
2023-12,NA,Core,Beta,0.923,16,0,2,0.0
2023-12,NA,Core,Gamma,0.944,20,2,2,3.2
2023-12,NA,Core,ServicesPlus,0.925,16,4,7,2.8
2023-12,NA,Growth,Alpha,0.911,24,1,3,1.7
2023-12,NA,Growth,Beta,0.931,28,2,0,0.9
2023-12,NA,Growth,Gamma,0.908,24,5,5,0.7
2023-12,NA,Growth,ServicesPlus,0.928,25,3,4,0.4
2023-12,NA,Services,Alpha,0.969,10,1,2,0.5
2023-12,NA,Services,Beta,0.958,11,4,3,3.3
2023-12,NA,Services,Gamma,0.969,7,3,7,1.0
2023-12,NA,Services,ServicesPlus,0.946,9,3,4,1.4
2023-12,EMEA,Core,Alpha,0.938,18,6,1,2.1
2023-12,EMEA,Core,Beta,0.934,21,2,3,1.6
2023-12,EMEA,Core,Gamma,0.961,18,1,1,2.2
2023-12,EMEA,Core,ServicesPlus,0.945,16,4,4,2.3
2023-12,EMEA,Growth,Alpha,0.931,22,2,3,0.8
2023-12,EMEA,Growth,Beta,0.932,23,2,2,2.4
2023-12,EMEA,Growth,Gamma,0.91,23,5,4,2.7
2023-12,EMEA,Growth,ServicesPlus,0.911,24,1,0,2.3
2023-12,EMEA,Services,Alpha,0.955,11,2,3,1.6
2023-12,EMEA,Services,Beta,0.955,8,1,6,2.5
2023-12,EMEA,Services,Gamma,0.955,8,1,4,0.0
2023-12,EMEA,Services,ServicesPlus,0.965,9,2,2,3.1
2023-12,APAC,Core,Alpha,0.942,21,3,2,3.0
2023-12,APAC,Core,Beta,0.946,19,1,2,2.8
2023-12,APAC,Core,Gamma,0.917,20,1,5,0.7
2023-12,APAC,Core,ServicesPlus,0.934,17,1,3,1.4
2023-12,APAC,Growth,Alpha,0.888,20,1,3,1.1
2023-12,APAC,Growth,Beta,0.932,23,1,2,1.4
2023-12,APAC,Growth,Gamma,0.925,22,3,4,1.5
2023-12,APAC,Growth,ServicesPlus,0.928,21,0,3,1.8
2023-12,APAC,Services,Alpha,0.988,8,4,4,1.0
2023-12,APAC,Services,Beta,0.965,5,1,5,1.1
2023-12,APAC,Services,Gamma,0.965,8,0,3,0.0
2023-12,APAC,Services,ServicesPlus,0.958,7,1,4,0.9
2024-01,NA,Core,Alpha,0.945,16,3,1,3.7
2024-01,NA,Core,Beta,0.931,18,4,2,3.0
2024-01,NA,Core,Gamma,0.944,23,7,3,1.9
2024-01,NA,Core,ServicesPlus,0.945,12,5,3,4.8
2024-01,NA,Growth,Alpha,0.937,20,3,5,1.2
2024-01,NA,Growth,Beta,0.929,22,2,9,2.1
2024-01,NA,Growth,Gamma,0.909,19,1,2,2.1
2024-01,NA,Growth,ServicesPlus,0.921,22,2,4,0.9
2024-01,NA,Services,Alpha,0.98,6,1,5,1.0
2024-01,NA,Services,Beta,0.971,8,1,1,2.6
2024-01,NA,Services,Gamma,0.952,12,4,2,2.6
2024-01,NA,Services,ServicesPlus,0.954,12,3,3,0.8
2024-01,EMEA,Core,Alpha,0.953,19,3,3,3.2
2024-01,EMEA,Core,Beta,0.94,17,2,1,1.2
2024-01,EMEA,Core,Gamma,0.958,20,1,7,3.4
2024-01,EMEA,Core,ServicesPlus,0.952,18,3,2,0.8
2024-01,EMEA,Growth,Alpha,0.899,23,1,2,1.9
2024-01,EMEA,Growth,Beta,0.908,21,3,7,4.2
2024-01,EMEA,Growth,Gamma,0.936,19,1,2,1.8
2024-01,EMEA,Growth,ServicesPlus,0.935,23,1,3,1.8
2024-01,EMEA,Services,Alpha,0.957,9,3,2,1.0
2024-01,EMEA,Services,Beta,0.943,13,5,3,2.6
2024-01,EMEA,Services,Gamma,0.973,10,1,3,2.3
2024-01,EMEA,Services,ServicesPlus,0.955,7,2,2,2.4
2024-01,APAC,Core,Alpha,0.911,21,4,3,1.0
2024-01,APAC,Core,Beta,0.951,20,2,0,1.0
2024-01,APAC,Core,Gamma,0.939,22,2,2,1.3
2024-01,APAC,Core,ServicesPlus,0.95,13,3,4,0.4
2024-01,APAC,Growth,Alpha,0.93,20,1,4,2.3
2024-01,APAC,Growth,Beta,0.914,22,1,3,0.2
2024-01,APAC,Growth,Gamma,0.901,25,2,6,2.0
2024-01,APAC,Growth,ServicesPlus,0.904,24,1,1,1.3
2024-01,APAC,Services,Alpha,0.959,9,1,3,3.0
2024-01,APAC,Services,Beta,0.952,10,1,2,2.4
2024-01,APAC,Services,Gamma,0.962,6,2,7,0.7
2024-01,APAC,Services,ServicesPlus,0.964,8,0,7,0.9
2024-02,NA,Core,Alpha,0.942,20,0,1,0.4
2024-02,NA,Core,Beta,0.947,21,1,3,2.3
2024-02,NA,Core,Gamma,0.945,20,2,1,1.7
2024-02,NA,Core,ServicesPlus,0.956,16,2,4,1.7
2024-02,NA,Growth,Alpha,0.919,21,2,2,1.8
2024-02,NA,Growth,Beta,0.924,26,1,6,2.5
2024-02,NA,Growth,Gamma,0.922,24,0,2,3.4
2024-02,NA,Growth,ServicesPlus,0.908,20,0,8,0.4
2024-02,NA,Services,Alpha,0.936,10,3,3,4.4
2024-02,NA,Services,Beta,0.99,11,2,0,2.9
2024-02,NA,Services,Gamma,0.979,12,0,2,0.0
2024-02,NA,Services,ServicesPlus,0.99,10,2,2,1.0
2024-02,EMEA,Core,Alpha,0.945,16,6,4,1.7
2024-02,EMEA,Core,Beta,0.964,16,1,1,2.9
2024-02,EMEA,Core,Gamma,0.935,17,4,3,0.8
2024-02,EMEA,Core,ServicesPlus,0.934,15,1,4,1.1
2024-02,EMEA,Growth,Alpha,0.917,18,1,1,1.5
2024-02,EMEA,Growth,Beta,0.894,19,3,7,2.1
2024-02,EMEA,Growth,Gamma,0.926,27,2,2,2.6
2024-02,EMEA,Growth,ServicesPlus,0.914,25,1,5,2.2
2024-02,EMEA,Services,Alpha,0.958,13,1,3,2.4
2024-02,EMEA,Services,Beta,0.961,13,2,3,2.6
2024-02,EMEA,Services,Gamma,0.951,5,4,2,0.0
2024-02,EMEA,Services,ServicesPlus,0.965,9,0,3,2.1
2024-02,APAC,Core,Alpha,0.958,15,2,1,3.6
2024-02,APAC,Core,Beta,0.94,17,0,2,0.4
2024-02,APAC,Core,Gamma,0.931,20,3,5,2.5
2024-02,APAC,Core,ServicesPlus,0.96,17,2,4,2.6
2024-02,APAC,Growth,Alpha,0.948,20,5,1,1.7
2024-02,APAC,Growth,Beta,0.898,21,5,0,1.1
2024-02,APAC,Growth,Gamma,0.931,22,2,3,3.1
2024-02,APAC,Growth,ServicesPlus,0.929,20,1,2,1.9
2024-02,APAC,Services,Alpha,0.975,13,1,2,2.2
2024-02,APAC,Services,Beta,0.959,7,3,4,2.0
2024-02,APAC,Services,Gamma,0.974,17,1,4,0.3
2024-02,APAC,Services,ServicesPlus,0.946,9,1,4,2.4
2024-03,NA,Core,Alpha,0.963,19,2,2,0.0
2024-03,NA,Core,Beta,0.951,20,1,3,1.0
2024-03,NA,Core,Gamma,0.941,18,3,3,1.6
2024-03,NA,Core,ServicesPlus,0.943,16,2,4,1.1
2024-03,NA,Growth,Alpha,0.924,21,0,4,4.4
2024-03,NA,Growth,Beta,0.907,22,2,3,1.9
2024-03,NA,Growth,Gamma,0.907,22,5,5,1.6
2024-03,NA,Growth,ServicesPlus,0.93,24,3,1,2.0
2024-03,NA,Services,Alpha,0.974,12,1,2,0.7
2024-03,NA,Services,Beta,0.936,13,2,4,1.9
2024-03,NA,Services,Gamma,0.947,9,1,5,1.8
2024-03,NA,Services,ServicesPlus,0.949,11,6,4,1.9
2024-03,EMEA,Core,Alpha,0.977,21,2,2,1.8
2024-03,EMEA,Core,Beta,0.925,15,1,5,2.4
2024-03,EMEA,Core,Gamma,0.951,17,1,2,0.0
2024-03,EMEA,Core,ServicesPlus,0.933,14,7,9,3.3
2024-03,EMEA,Growth,Alpha,0.902,22,2,4,1.8
2024-03,EMEA,Growth,Beta,0.879,26,4,3,0.5
2024-03,EMEA,Growth,Gamma,0.905,21,2,2,0.0
2024-03,EMEA,Growth,ServicesPlus,0.934,27,0,6,1.3
2024-03,EMEA,Services,Alpha,0.969,9,3,6,1.3
2024-03,EMEA,Services,Beta,0.963,12,4,3,0.3
2024-03,EMEA,Services,Gamma,0.957,7,0,2,0.0
2024-03,EMEA,Services,ServicesPlus,0.963,8,2,1,2.6
2024-03,APAC,Core,Alpha,0.93,19,2,2,3.1
2024-03,APAC,Core,Beta,0.935,18,2,2,1.0
2024-03,APAC,Core,Gamma,0.947,23,0,3,0.7
2024-03,APAC,Core,ServicesPlus,0.95,19,2,3,1.8
2024-03,APAC,Growth,Alpha,0.926,19,3,2,2.1
2024-03,APAC,Growth,Beta,0.925,21,1,1,2.0
2024-03,APAC,Growth,Gamma,0.913,16,3,4,1.4
2024-03,APAC,Growth,ServicesPlus,0.911,22,1,3,5.6
2024-03,APAC,Services,Alpha,0.949,9,0,4,1.7
2024-03,APAC,Services,Beta,0.956,9,2,3,2.0
2024-03,APAC,Services,Gamma,0.924,12,1,2,2.0
2024-03,APAC,Services,ServicesPlus,0.984,5,4,3,1.3
2024-04,NA,Core,Alpha,0.956,18,2,1,1.5
2024-04,NA,Core,Beta,0.948,19,2,4,1.0
2024-04,NA,Core,Gamma,0.944,19,1,4,2.0
2024-04,NA,Core,ServicesPlus,0.936,22,3,4,0.0
2024-04,NA,Growth,Alpha,0.927,22,0,3,0.0
2024-04,NA,Growth,Beta,0.903,21,1,2,1.8
2024-04,NA,Growth,Gamma,0.933,25,3,1,2.5
2024-04,NA,Growth,ServicesPlus,0.94,22,4,2,1.3
2024-04,NA,Services,Alpha,0.974,15,1,4,1.3
2024-04,NA,Services,Beta,0.963,7,1,2,2.1
2024-04,NA,Services,Gamma,0.944,13,2,4,0.3
2024-04,NA,Services,ServicesPlus,0.983,8,2,2,2.5
2024-04,EMEA,Core,Alpha,0.926,19,2,3,2.3
2024-04,EMEA,Core,Beta,0.938,20,3,2,2.3
2024-04,EMEA,Core,Gamma,0.954,17,3,4,0.7
2024-04,EMEA,Core,ServicesPlus,0.94,17,1,0,2.8
2024-04,EMEA,Growth,Alpha,0.93,26,6,4,1.8
2024-04,EMEA,Growth,Beta,0.91,22,3,3,2.0
2024-04,EMEA,Growth,Gamma,0.894,23,7,1,2.0
2024-04,EMEA,Growth,ServicesPlus,0.932,22,1,1,1.9
2024-04,EMEA,Services,Alpha,0.958,10,1,3,2.6
2024-04,EMEA,Services,Beta,0.941,9,6,1,2.6
2024-04,EMEA,Services,Gamma,0.949,11,1,4,1.0
2024-04,EMEA,Services,ServicesPlus,0.955,9,1,0,3.6
2024-04,APAC,Core,Alpha,0.95,16,2,4,2.3
2024-04,APAC,Core,Beta,0.937,17,1,2,1.4
2024-04,APAC,Core,Gamma,0.947,15,2,6,2.6
2024-04,APAC,Core,ServicesPlus,0.942,18,2,2,0.0
2024-04,APAC,Growth,Alpha,0.938,23,1,4,0.6
2024-04,APAC,Growth,Beta,0.932,17,1,2,0.5
2024-04,APAC,Growth,Gamma,0.931,26,0,7,1.2
2024-04,APAC,Growth,ServicesPlus,0.918,20,0,3,0.9
2024-04,APAC,Services,Alpha,0.943,11,5,2,1.2
2024-04,APAC,Services,Beta,0.964,9,8,2,0.5
2024-04,APAC,Services,Gamma,0.95,6,2,1,0.0
2024-04,APAC,Services,ServicesPlus,0.943,14,0,0,3.2
2024-05,NA,Core,Alpha,0.949,19,1,3,2.8
2024-05,NA,Core,Beta,0.943,13,3,2,0.5
2024-05,NA,Core,Gamma,0.943,15,3,2,1.9
2024-05,NA,Core,ServicesPlus,0.936,19,4,5,0.9
2024-05,NA,Growth,Alpha,0.947,28,1,0,3.6
2024-05,NA,Growth,Beta,0.895,25,1,4,0.0
2024-05,NA,Growth,Gamma,0.898,16,1,7,0.7
2024-05,NA,Growth,ServicesPlus,0.933,23,2,2,1.9
2024-05,NA,Services,Alpha,0.954,16,3,2,1.9
2024-05,NA,Services,Beta,0.971,6,0,3,4.2
2024-05,NA,Services,Gamma,0.966,6,0,1,1.4
2024-05,NA,Services,ServicesPlus,0.961,11,3,4,2.4
2024-05,EMEA,Core,Alpha,0.927,18,2,3,2.1
2024-05,EMEA,Core,Beta,0.927,18,4,2,2.7
2024-05,EMEA,Core,Gamma,0.942,20,1,2,0.1
2024-05,EMEA,Core,ServicesPlus,0.958,20,2,4,1.4
2024-05,EMEA,Growth,Alpha,0.89,22,2,4,2.5
2024-05,EMEA,Growth,Beta,0.906,21,2,2,0.0
2024-05,EMEA,Growth,Gamma,0.93,19,3,0,1.1
2024-05,EMEA,Growth,ServicesPlus,0.923,20,1,0,0.9
2024-05,EMEA,Services,Alpha,0.965,14,4,5,0.0
2024-05,EMEA,Services,Beta,0.954,10,2,2,1.5
2024-05,EMEA,Services,Gamma,0.933,10,1,3,3.4
2024-05,EMEA,Services,ServicesPlus,0.965,10,2,4,2.0
2024-05,APAC,Core,Alpha,0.941,19,1,2,2.1
2024-05,APAC,Core,Beta,0.956,13,0,4,3.4
2024-05,APAC,Core,Gamma,0.935,15,2,0,4.4
2024-05,APAC,Core,ServicesPlus,0.925,23,2,6,1.2
2024-05,APAC,Growth,Alpha,0.925,25,1,3,4.0
2024-05,APAC,Growth,Beta,0.919,21,4,3,3.0
2024-05,APAC,Growth,Gamma,0.907,15,0,5,2.3
2024-05,APAC,Growth,ServicesPlus,0.907,21,2,5,0.4
2024-05,APAC,Services,Alpha,0.979,15,4,0,1.7
2024-05,APAC,Services,Beta,0.99,13,4,3,0.3
2024-05,APAC,Services,Gamma,0.945,14,4,5,1.2
2024-05,APAC,Services,ServicesPlus,0.926,11,0,6,0.2
2024-06,NA,Core,Alpha,0.925,17,1,2,0.0
2024-06,NA,Core,Beta,0.93,15,3,4,2.5
2024-06,NA,Core,Gamma,0.932,13,0,4,0.4
2024-06,NA,Core,ServicesPlus,0.948,14,3,6,0.0
2024-06,NA,Growth,Alpha,0.91,23,2,1,1.4
2024-06,NA,Growth,Beta,0.936,24,4,5,0.0
2024-06,NA,Growth,Gamma,0.908,20,0,4,0.6
2024-06,NA,Growth,ServicesPlus,0.93,19,3,2,0.0
2024-06,NA,Services,Alpha,0.943,13,2,2,2.1
2024-06,NA,Services,Beta,0.965,12,0,2,2.2
2024-06,NA,Services,Gamma,0.945,11,1,3,2.5
2024-06,NA,Services,ServicesPlus,0.947,5,0,3,0.1
2024-06,EMEA,Core,Alpha,0.945,19,2,5,0.1
2024-06,EMEA,Core,Beta,0.945,18,3,6,3.0
2024-06,EMEA,Core,Gamma,0.93,16,1,4,0.9
2024-06,EMEA,Core,ServicesPlus,0.945,17,2,3,0.6
2024-06,EMEA,Growth,Alpha,0.922,22,4,1,1.2
2024-06,EMEA,Growth,Beta,0.941,19,3,1,2.2
2024-06,EMEA,Growth,Gamma,0.933,22,4,3,0.8
2024-06,EMEA,Growth,ServicesPlus,0.912,21,2,5,3.0
2024-06,EMEA,Services,Alpha,0.97,8,2,4,2.1
2024-06,EMEA,Services,Beta,0.962,11,1,4,3.4
2024-06,EMEA,Services,Gamma,0.977,12,3,2,2.7
2024-06,EMEA,Services,ServicesPlus,0.97,10,2,4,2.9
2024-06,APAC,Core,Alpha,0.947,22,1,5,0.7
2024-06,APAC,Core,Beta,0.934,17,4,8,0.0
2024-06,APAC,Core,Gamma,0.949,21,3,5,0.5
2024-06,APAC,Core,ServicesPlus,0.904,21,1,1,1.5
2024-06,APAC,Growth,Alpha,0.907,23,0,4,2.8
2024-06,APAC,Growth,Beta,0.909,27,5,1,2.5
2024-06,APAC,Growth,Gamma,0.937,24,2,4,2.1
2024-06,APAC,Growth,ServicesPlus,0.897,21,1,5,2.6
2024-06,APAC,Services,Alpha,0.965,14,3,3,2.2
2024-06,APAC,Services,Beta,0.967,5,5,4,0.0
2024-06,APAC,Services,Gamma,0.939,10,3,4,2.3
2024-06,APAC,Services,ServicesPlus,0.963,12,5,3,2.3
2024-07,NA,Core,Alpha,0.943,20,1,3,1.6
2024-07,NA,Core,Beta,0.925,20,3,1,0.5
2024-07,NA,Core,Gamma,0.955,21,2,4,3.1
2024-07,NA,Core,ServicesPlus,0.917,18,1,2,1.9
2024-07,NA,Growth,Alpha,0.921,19,1,2,0.1
2024-07,NA,Growth,Beta,0.919,24,2,5,0.4
2024-07,NA,Growth,Gamma,0.912,19,4,1,4.1
2024-07,NA,Growth,ServicesPlus,0.914,25,1,5,0.6
2024-07,NA,Services,Alpha,0.962,20,0,4,2.2
2024-07,NA,Services,Beta,0.958,15,0,1,2.6
2024-07,NA,Services,Gamma,0.977,10,3,2,0.2
2024-07,NA,Services,ServicesPlus,0.948,11,3,0,2.0
2024-07,EMEA,Core,Alpha,0.926,16,0,1,2.7
2024-07,EMEA,Core,Beta,0.938,18,1,2,2.2
2024-07,EMEA,Core,Gamma,0.944,19,1,2,2.2
2024-07,EMEA,Core,ServicesPlus,0.934,19,0,3,0.0
2024-07,EMEA,Growth,Alpha,0.918,21,2,1,1.4
2024-07,EMEA,Growth,Beta,0.919,23,0,2,0.4
2024-07,EMEA,Growth,Gamma,0.918,21,0,0,2.0
2024-07,EMEA,Growth,ServicesPlus,0.946,22,0,1,1.0
2024-07,EMEA,Services,Alpha,0.956,10,2,2,2.8
2024-07,EMEA,Services,Beta,0.984,10,2,3,0.8
2024-07,EMEA,Services,Gamma,0.953,8,2,0,0.8
2024-07,EMEA,Services,ServicesPlus,0.947,10,0,3,0.9
2024-07,APAC,Core,Alpha,0.932,19,2,4,2.8
2024-07,APAC,Core,Beta,0.943,16,3,5,1.1
2024-07,APAC,Core,Gamma,0.937,14,0,6,2.5
2024-07,APAC,Core,ServicesPlus,0.952,17,4,3,2.1
2024-07,APAC,Growth,Alpha,0.928,21,2,3,3.3
2024-07,APAC,Growth,Beta,0.934,21,0,2,1.7
2024-07,APAC,Growth,Gamma,0.926,21,1,3,1.9
2024-07,APAC,Growth,ServicesPlus,0.932,21,1,3,2.3
2024-07,APAC,Services,Alpha,0.972,8,0,4,0.0
2024-07,APAC,Services,Beta,0.974,6,2,3,1.5
2024-07,APAC,Services,Gamma,0.957,11,2,8,1.8
2024-07,APAC,Services,ServicesPlus,0.942,14,2,3,2.5
2024-08,NA,Core,Alpha,0.926,23,2,3,1.7
2024-08,NA,Core,Beta,0.94,20,2,4,1.1
2024-08,NA,Core,Gamma,0.935,13,3,2,1.0
2024-08,NA,Core,ServicesPlus,0.952,17,2,3,1.1
2024-08,NA,Growth,Alpha,0.884,20,2,0,2.2
2024-08,NA,Growth,Beta,0.912,25,4,1,0.9
2024-08,NA,Growth,Gamma,0.936,15,2,3,0.2
2024-08,NA,Growth,ServicesPlus,0.895,24,1,3,1.0
2024-08,NA,Services,Alpha,0.961,11,1,4,3.0
2024-08,NA,Services,Beta,0.976,7,3,3,2.7
2024-08,NA,Services,Gamma,0.94,8,1,1,0.0
2024-08,NA,Services,ServicesPlus,0.932,10,1,1,3.2
2024-08,EMEA,Core,Alpha,0.943,18,1,5,1.1
2024-08,EMEA,Core,Beta,0.949,14,1,2,0.8
2024-08,EMEA,Core,Gamma,0.952,18,2,5,2.6
2024-08,EMEA,Core,ServicesPlus,0.937,20,1,1,1.9
2024-08,EMEA,Growth,Alpha,0.92,21,2,5,1.8
2024-08,EMEA,Growth,Beta,0.957,20,4,3,2.2
2024-08,EMEA,Growth,Gamma,0.9,24,1,2,1.9
2024-08,EMEA,Growth,ServicesPlus,0.911,24,2,4,2.3
2024-08,EMEA,Services,Alpha,0.961,5,1,4,0.3
2024-08,EMEA,Services,Beta,0.983,14,4,5,0.7
2024-08,EMEA,Services,Gamma,0.957,8,1,2,3.4
2024-08,EMEA,Services,ServicesPlus,0.976,14,2,2,1.0
2024-08,APAC,Core,Alpha,0.934,21,2,2,1.0
2024-08,APAC,Core,Beta,0.951,18,3,2,0.0
2024-08,APAC,Core,Gamma,0.927,18,4,5,1.2
2024-08,APAC,Core,ServicesPlus,0.936,17,3,3,2.0
2024-08,APAC,Growth,Alpha,0.925,24,1,4,0.0
2024-08,APAC,Growth,Beta,0.915,26,3,3,1.7
2024-08,APAC,Growth,Gamma,0.929,15,4,3,0.6
2024-08,APAC,Growth,ServicesPlus,0.926,19,0,4,2.7
2024-08,APAC,Services,Alpha,0.966,8,2,2,0.2
2024-08,APAC,Services,Beta,0.964,5,4,4,2.5
2024-08,APAC,Services,Gamma,0.936,14,2,3,1.5
2024-08,APAC,Services,ServicesPlus,0.956,7,5,0,1.4
2024-09,NA,Core,Alpha,0.931,24,1,4,1.5
2024-09,NA,Core,Beta,0.953,15,1,6,1.0
2024-09,NA,Core,Gamma,0.952,18,2,2,1.1
2024-09,NA,Core,ServicesPlus,0.931,20,3,0,1.5
2024-09,NA,Growth,Alpha,0.951,23,1,4,1.4
2024-09,NA,Growth,Beta,0.889,22,0,3,1.0
2024-09,NA,Growth,Gamma,0.926,22,2,5,2.5
2024-09,NA,Growth,ServicesPlus,0.921,22,2,4,3.2
2024-09,NA,Services,Alpha,0.943,16,1,3,2.7
2024-09,NA,Services,Beta,0.96,11,0,5,1.3
2024-09,NA,Services,Gamma,0.945,17,1,3,1.4
2024-09,NA,Services,ServicesPlus,0.947,9,0,2,2.6
2024-09,EMEA,Core,Alpha,0.906,18,5,3,0.9
2024-09,EMEA,Core,Beta,0.932,17,0,5,0.7
2024-09,EMEA,Core,Gamma,0.938,20,1,1,0.0
2024-09,EMEA,Core,ServicesPlus,0.928,18,5,4,1.0
2024-09,EMEA,Growth,Alpha,0.916,24,1,1,1.8
2024-09,EMEA,Growth,Beta,0.916,25,2,2,0.3
2024-09,EMEA,Growth,Gamma,0.923,21,4,3,1.1
2024-09,EMEA,Growth,ServicesPlus,0.917,26,2,2,2.4
2024-09,EMEA,Services,Alpha,0.974,10,2,4,2.9
2024-09,EMEA,Services,Beta,0.969,15,3,2,2.9
2024-09,EMEA,Services,Gamma,0.979,8,0,4,0.8
2024-09,EMEA,Services,ServicesPlus,0.963,15,2,4,0.2
2024-09,APAC,Core,Alpha,0.939,18,1,3,1.2
2024-09,APAC,Core,Beta,0.94,17,2,4,0.0
2024-09,APAC,Core,Gamma,0.929,20,4,0,1.2
2024-09,APAC,Core,ServicesPlus,0.955,17,4,3,1.2
2024-09,APAC,Growth,Alpha,0.916,25,1,2,2.0
2024-09,APAC,Growth,Beta,0.883,22,1,2,1.7
2024-09,APAC,Growth,Gamma,0.91,20,2,2,0.0
2024-09,APAC,Growth,ServicesPlus,0.926,22,0,1,0.0
2024-09,APAC,Services,Alpha,0.981,12,0,3,2.8
2024-09,APAC,Services,Beta,0.955,10,2,4,0.9
2024-09,APAC,Services,Gamma,0.947,11,0,4,1.1
2024-09,APAC,Services,ServicesPlus,0.964,5,3,3,0.4
2024-10,NA,Core,Alpha,0.911,17,0,4,2.0
2024-10,NA,Core,Beta,0.93,19,2,1,3.3
2024-10,NA,Core,Gamma,0.946,21,3,4,3.5
2024-10,NA,Core,ServicesPlus,0.965,17,2,3,2.1
2024-10,NA,Growth,Alpha,0.933,24,1,6,1.4
2024-10,NA,Growth,Beta,0.93,27,1,2,1.4
2024-10,NA,Growth,Gamma,0.934,16,3,3,0.7
2024-10,NA,Growth,ServicesPlus,0.929,23,3,3,0.0
2024-10,NA,Services,Alpha,0.986,9,0,5,4.0
2024-10,NA,Services,Beta,0.984,10,0,2,2.2
2024-10,NA,Services,Gamma,0.952,15,2,2,0.0
2024-10,NA,Services,ServicesPlus,0.952,10,3,2,0.7
2024-10,EMEA,Core,Alpha,0.973,19,0,4,1.2
2024-10,EMEA,Core,Beta,0.927,16,2,3,3.4
2024-10,EMEA,Core,Gamma,0.931,12,3,2,3.5
2024-10,EMEA,Core,ServicesPlus,0.94,20,2,4,2.2
2024-10,EMEA,Growth,Alpha,0.92,24,0,2,0.0
2024-10,EMEA,Growth,Beta,0.919,24,2,3,1.6
2024-10,EMEA,Growth,Gamma,0.916,18,4,2,0.4
2024-10,EMEA,Growth,ServicesPlus,0.936,19,3,3,1.2
2024-10,EMEA,Services,Alpha,0.936,14,1,3,3.4
2024-10,EMEA,Services,Beta,0.955,7,2,4,2.6
2024-10,EMEA,Services,Gamma,0.939,15,5,5,1.9
2024-10,EMEA,Services,ServicesPlus,0.97,9,1,0,2.8
2024-10,APAC,Core,Alpha,0.957,19,3,7,0.8
2024-10,APAC,Core,Beta,0.927,20,1,2,1.0
2024-10,APAC,Core,Gamma,0.954,17,4,2,1.1
2024-10,APAC,Core,ServicesPlus,0.947,17,1,4,0.5
2024-10,APAC,Growth,Alpha,0.925,22,2,2,0.5
2024-10,APAC,Growth,Beta,0.918,27,0,3,2.1
2024-10,APAC,Growth,Gamma,0.9,24,0,2,2.2
2024-10,APAC,Growth,ServicesPlus,0.92,16,4,1,0.4
2024-10,APAC,Services,Alpha,0.968,9,1,4,3.6
2024-10,APAC,Services,Beta,0.984,10,2,5,0.5
2024-10,APAC,Services,Gamma,0.967,15,1,3,2.1
2024-10,APAC,Services,ServicesPlus,0.965,6,0,2,2.6
2024-11,NA,Core,Alpha,0.939,17,1,3,0.8
2024-11,NA,Core,Beta,0.959,18,3,3,2.6
2024-11,NA,Core,Gamma,0.923,19,0,5,1.8
2024-11,NA,Core,ServicesPlus,0.946,14,3,3,1.0
2024-11,NA,Growth,Alpha,0.936,20,2,3,0.3
2024-11,NA,Growth,Beta,0.941,22,1,0,4.3
2024-11,NA,Growth,Gamma,0.921,23,3,2,0.5
2024-11,NA,Growth,ServicesPlus,0.927,19,2,4,3.0
2024-11,NA,Services,Alpha,0.963,9,4,5,1.1
2024-11,NA,Services,Beta,0.961,11,2,5,2.4
2024-11,NA,Services,Gamma,0.97,17,4,4,0.6
2024-11,NA,Services,ServicesPlus,0.961,10,0,7,2.2
2024-11,EMEA,Core,Alpha,0.972,18,2,5,2.1
2024-11,EMEA,Core,Beta,0.919,21,2,5,0.5
2024-11,EMEA,Core,Gamma,0.947,13,3,2,2.3
2024-11,EMEA,Core,ServicesPlus,0.976,17,1,6,2.2
2024-11,EMEA,Growth,Alpha,0.906,21,4,0,0.5
2024-11,EMEA,Growth,Beta,0.906,19,2,1,2.4
2024-11,EMEA,Growth,Gamma,0.907,22,2,3,1.7
2024-11,EMEA,Growth,ServicesPlus,0.945,22,1,1,1.3
2024-11,EMEA,Services,Alpha,0.949,7,3,4,2.2
2024-11,EMEA,Services,Beta,0.968,15,0,4,1.5
2024-11,EMEA,Services,Gamma,0.96,8,1,1,3.0
2024-11,EMEA,Services,ServicesPlus,0.972,7,3,1,3.1
2024-11,APAC,Core,Alpha,0.929,19,4,3,1.3
2024-11,APAC,Core,Beta,0.931,20,1,3,3.3
2024-11,APAC,Core,Gamma,0.931,13,0,4,1.2
2024-11,APAC,Core,ServicesPlus,0.952,15,4,2,0.7
2024-11,APAC,Growth,Alpha,0.943,25,2,2,1.1
2024-11,APAC,Growth,Beta,0.883,22,3,1,0.0
2024-11,APAC,Growth,Gamma,0.946,22,1,6,1.7
2024-11,APAC,Growth,ServicesPlus,0.907,21,0,3,3.4
2024-11,APAC,Services,Alpha,0.952,6,2,4,1.6
2024-11,APAC,Services,Beta,0.949,11,3,1,0.8
2024-11,APAC,Services,Gamma,0.963,12,1,4,1.8
2024-11,APAC,Services,ServicesPlus,0.985,12,4,1,1.2
2024-12,NA,Core,Alpha,0.911,20,0,4,2.9
2024-12,NA,Core,Beta,0.937,17,2,7,1.3
2024-12,NA,Core,Gamma,0.927,17,3,3,0.0
2024-12,NA,Core,ServicesPlus,0.937,26,0,3,5.0
2024-12,NA,Growth,Alpha,0.911,18,1,5,3.5
2024-12,NA,Growth,Beta,0.891,22,2,3,2.3
2024-12,NA,Growth,Gamma,0.91,24,1,0,3.0
2024-12,NA,Growth,ServicesPlus,0.918,25,3,2,2.0
2024-12,NA,Services,Alpha,0.963,8,1,4,2.0
2024-12,NA,Services,Beta,0.95,9,2,3,0.8
2024-12,NA,Services,Gamma,0.947,8,3,3,2.0
2024-12,NA,Services,ServicesPlus,0.976,7,2,1,0.0
2024-12,EMEA,Core,Alpha,0.922,20,4,4,1.2
2024-12,EMEA,Core,Beta,0.959,13,1,1,1.3
2024-12,EMEA,Core,Gamma,0.939,17,2,5,3.1
2024-12,EMEA,Core,ServicesPlus,0.939,16,2,3,3.7
2024-12,EMEA,Growth,Alpha,0.922,20,2,2,0.0
2024-12,EMEA,Growth,Beta,0.9,23,3,3,2.1
2024-12,EMEA,Growth,Gamma,0.917,22,1,3,2.3
2024-12,EMEA,Growth,ServicesPlus,0.944,22,2,2,2.3
2024-12,EMEA,Services,Alpha,0.948,10,3,4,1.3
2024-12,EMEA,Services,Beta,0.946,8,1,1,0.0
2024-12,EMEA,Services,Gamma,0.965,10,3,2,2.1
2024-12,EMEA,Services,ServicesPlus,0.945,11,3,4,0.3
2024-12,APAC,Core,Alpha,0.928,20,4,4,0.0
2024-12,APAC,Core,Beta,0.945,18,1,4,1.5
2024-12,APAC,Core,Gamma,0.947,21,1,3,1.7
2024-12,APAC,Core,ServicesPlus,0.923,13,2,3,3.7
2024-12,APAC,Growth,Alpha,0.926,20,4,4,0.0
2024-12,APAC,Growth,Beta,0.909,23,3,2,2.8
2024-12,APAC,Growth,Gamma,0.898,18,1,0,2.4
2024-12,APAC,Growth,ServicesPlus,0.896,26,0,2,2.9
2024-12,APAC,Services,Alpha,0.951,15,2,2,1.1
2024-12,APAC,Services,Beta,0.966,3,4,1,2.2
2024-12,APAC,Services,Gamma,0.962,10,6,3,2.7
2024-12,APAC,Services,ServicesPlus,0.99,11,2,3,2.4
2025-01,NA,Core,Alpha,0.924,16,1,1,1.1
2025-01,NA,Core,Beta,0.941,21,2,6,3.3
2025-01,NA,Core,Gamma,0.952,24,3,1,4.9
2025-01,NA,Core,ServicesPlus,0.95,20,0,3,0.0
2025-01,NA,Growth,Alpha,0.933,20,0,1,1.2
2025-01,NA,Growth,Beta,0.913,21,4,2,2.9
2025-01,NA,Growth,Gamma,0.897,19,2,2,4.0
2025-01,NA,Growth,ServicesPlus,0.913,21,0,3,1.0
2025-01,NA,Services,Alpha,0.98,5,1,5,1.0
2025-01,NA,Services,Beta,0.953,10,1,2,0.7
2025-01,NA,Services,Gamma,0.965,8,3,4,0.8
2025-01,NA,Services,ServicesPlus,0.961,10,2,6,1.2
2025-01,EMEA,Core,Alpha,0.921,20,3,4,1.5
2025-01,EMEA,Core,Beta,0.938,9,0,2,0.0
2025-01,EMEA,Core,Gamma,0.965,18,3,3,0.9
2025-01,EMEA,Core,ServicesPlus,0.94,16,0,1,0.0
2025-01,EMEA,Growth,Alpha,0.944,24,1,4,1.8
2025-01,EMEA,Growth,Beta,0.914,17,5,4,1.6
2025-01,EMEA,Growth,Gamma,0.903,26,3,2,0.6
2025-01,EMEA,Growth,ServicesPlus,0.901,21,2,6,0.8
2025-01,EMEA,Services,Alpha,0.963,15,1,4,0.8
2025-01,EMEA,Services,Beta,0.982,11,4,0,1.9
2025-01,EMEA,Services,Gamma,0.938,3,1,3,2.3
2025-01,EMEA,Services,ServicesPlus,0.977,10,5,2,0.5
2025-01,APAC,Core,Alpha,0.914,20,0,6,0.4
2025-01,APAC,Core,Beta,0.942,14,4,1,0.7
2025-01,APAC,Core,Gamma,0.948,19,2,1,0.9
2025-01,APAC,Core,ServicesPlus,0.923,17,1,1,1.1
2025-01,APAC,Growth,Alpha,0.905,24,2,4,2.3
2025-01,APAC,Growth,Beta,0.922,18,0,1,3.5
2025-01,APAC,Growth,Gamma,0.923,22,1,1,0.6
2025-01,APAC,Growth,ServicesPlus,0.932,27,1,5,0.0
2025-01,APAC,Services,Alpha,0.99,9,2,1,2.3
2025-01,APAC,Services,Beta,0.965,9,2,1,0.8
2025-01,APAC,Services,Gamma,0.939,6,1,2,2.6
2025-01,APAC,Services,ServicesPlus,0.966,13,6,3,4.0
2025-02,NA,Core,Alpha,0.942,13,2,3,0.0
2025-02,NA,Core,Beta,0.951,19,5,2,1.4
2025-02,NA,Core,Gamma,0.952,16,1,2,1.0
2025-02,NA,Core,ServicesPlus,0.929,21,4,6,0.3
2025-02,NA,Growth,Alpha,0.915,21,1,4,1.9
2025-02,NA,Growth,Beta,0.909,20,1,2,1.8
2025-02,NA,Growth,Gamma,0.913,23,4,1,1.1
2025-02,NA,Growth,ServicesPlus,0.908,23,2,0,1.6
2025-02,NA,Services,Alpha,0.942,6,5,4,2.6
2025-02,NA,Services,Beta,0.968,12,4,3,0.0
2025-02,NA,Services,Gamma,0.968,10,0,1,0.9
2025-02,NA,Services,ServicesPlus,0.967,8,4,4,2.2
2025-02,EMEA,Core,Alpha,0.953,22,1,3,1.9
2025-02,EMEA,Core,Beta,0.957,23,2,4,1.7
2025-02,EMEA,Core,Gamma,0.951,17,3,3,1.1
2025-02,EMEA,Core,ServicesPlus,0.948,21,1,3,1.6
2025-02,EMEA,Growth,Alpha,0.898,26,1,3,1.7
2025-02,EMEA,Growth,Beta,0.946,22,3,1,0.9
2025-02,EMEA,Growth,Gamma,0.903,26,2,3,0.0
2025-02,EMEA,Growth,ServicesPlus,0.94,24,2,2,0.8
2025-02,EMEA,Services,Alpha,0.961,8,1,5,3.0
2025-02,EMEA,Services,Beta,0.972,12,3,3,0.1
2025-02,EMEA,Services,Gamma,0.99,14,2,2,2.3
2025-02,EMEA,Services,ServicesPlus,0.979,15,1,6,3.1
2025-02,APAC,Core,Alpha,0.936,18,0,3,1.0
2025-02,APAC,Core,Beta,0.95,15,3,3,0.9
2025-02,APAC,Core,Gamma,0.911,22,3,5,4.1
2025-02,APAC,Core,ServicesPlus,0.932,17,1,1,1.7
2025-02,APAC,Growth,Alpha,0.922,21,3,1,0.8
2025-02,APAC,Growth,Beta,0.919,20,1,5,2.4
2025-02,APAC,Growth,Gamma,0.935,21,1,1,0.1
2025-02,APAC,Growth,ServicesPlus,0.905,22,0,2,0.6
2025-02,APAC,Services,Alpha,0.99,6,2,1,0.5
2025-02,APAC,Services,Beta,0.959,2,3,6,2.1
2025-02,APAC,Services,Gamma,0.916,12,1,4,1.3
2025-02,APAC,Services,ServicesPlus,0.983,5,2,5,3.4
2025-03,NA,Core,Alpha,0.958,14,2,4,2.1
2025-03,NA,Core,Beta,0.917,17,2,3,0.6
2025-03,NA,Core,Gamma,0.938,21,2,2,1.5
2025-03,NA,Core,ServicesPlus,0.949,17,2,1,0.0
2025-03,NA,Growth,Alpha,0.937,25,1,3,0.0
2025-03,NA,Growth,Beta,0.914,23,1,3,1.7
2025-03,NA,Growth,Gamma,0.939,21,5,3,1.7
2025-03,NA,Growth,ServicesPlus,0.921,20,0,5,0.8
2025-03,NA,Services,Alpha,0.951,7,2,5,1.8
2025-03,NA,Services,Beta,0.96,11,1,3,0.3
2025-03,NA,Services,Gamma,0.95,12,1,4,2.3
2025-03,NA,Services,ServicesPlus,0.964,15,3,1,0.6
2025-03,EMEA,Core,Alpha,0.953,18,2,2,0.5
2025-03,EMEA,Core,Beta,0.954,18,2,5,2.1
2025-03,EMEA,Core,Gamma,0.936,19,0,5,2.0
2025-03,EMEA,Core,ServicesPlus,0.929,20,0,1,1.7
2025-03,EMEA,Growth,Alpha,0.928,27,1,5,1.3
2025-03,EMEA,Growth,Beta,0.907,21,3,3,1.3
2025-03,EMEA,Growth,Gamma,0.919,19,3,2,1.3
2025-03,EMEA,Growth,ServicesPlus,0.932,25,5,2,3.1
2025-03,EMEA,Services,Alpha,0.943,7,2,5,0.0
2025-03,EMEA,Services,Beta,0.973,9,1,2,0.6
2025-03,EMEA,Services,Gamma,0.978,15,4,3,3.0
2025-03,EMEA,Services,ServicesPlus,0.939,15,2,2,1.9
2025-03,APAC,Core,Alpha,0.988,16,3,4,0.0
2025-03,APAC,Core,Beta,0.917,20,1,2,0.0
2025-03,APAC,Core,Gamma,0.918,19,1,5,0.6
2025-03,APAC,Core,ServicesPlus,0.933,17,4,2,3.0
2025-03,APAC,Growth,Alpha,0.93,21,3,2,3.1
2025-03,APAC,Growth,Beta,0.9,22,1,8,2.7
2025-03,APAC,Growth,Gamma,0.91,22,4,7,2.1
2025-03,APAC,Growth,ServicesPlus,0.905,21,2,2,3.4
2025-03,APAC,Services,Alpha,0.984,8,3,2,1.7
2025-03,APAC,Services,Beta,0.98,11,2,4,1.1
2025-03,APAC,Services,Gamma,0.964,10,1,1,2.7
2025-03,APAC,Services,ServicesPlus,0.954,5,2,1,1.4
2025-04,NA,Core,Alpha,0.935,21,2,1,2.5
2025-04,NA,Core,Beta,0.93,19,5,2,0.0
2025-04,NA,Core,Gamma,0.923,18,0,3,2.6
2025-04,NA,Core,ServicesPlus,0.973,16,2,6,0.3
2025-04,NA,Growth,Alpha,0.921,18,2,5,2.0
2025-04,NA,Growth,Beta,0.922,23,2,0,2.0
2025-04,NA,Growth,Gamma,0.901,21,0,1,1.9
2025-04,NA,Growth,ServicesPlus,0.907,23,2,0,1.9
2025-04,NA,Services,Alpha,0.982,10,1,1,1.4
2025-04,NA,Services,Beta,0.951,11,0,2,0.5
2025-04,NA,Services,Gamma,0.988,11,1,5,0.2
2025-04,NA,Services,ServicesPlus,0.945,13,0,1,1.4
2025-04,EMEA,Core,Alpha,0.931,19,3,2,0.5
2025-04,EMEA,Core,Beta,0.943,16,1,1,2.4
2025-04,EMEA,Core,Gamma,0.952,21,1,2,2.2
2025-04,EMEA,Core,ServicesPlus,0.938,23,1,1,3.2
2025-04,EMEA,Growth,Alpha,0.921,20,1,3,1.9
2025-04,EMEA,Growth,Beta,0.905,18,3,3,4.4
2025-04,EMEA,Growth,Gamma,0.929,25,2,3,0.9
2025-04,EMEA,Growth,ServicesPlus,0.905,17,3,4,1.6
2025-04,EMEA,Services,Alpha,0.97,11,2,2,1.4
2025-04,EMEA,Services,Beta,0.962,4,2,9,0.0
2025-04,EMEA,Services,Gamma,0.955,8,0,5,3.3
2025-04,EMEA,Services,ServicesPlus,0.947,14,3,4,1.4
2025-04,APAC,Core,Alpha,0.936,17,1,5,1.1
2025-04,APAC,Core,Beta,0.92,25,0,2,2.1
2025-04,APAC,Core,Gamma,0.963,18,2,1,2.9
2025-04,APAC,Core,ServicesPlus,0.912,18,1,3,2.2
2025-04,APAC,Growth,Alpha,0.907,22,0,2,3.9
2025-04,APAC,Growth,Beta,0.902,24,0,2,2.7
2025-04,APAC,Growth,Gamma,0.889,21,3,2,2.7
2025-04,APAC,Growth,ServicesPlus,0.936,20,2,3,1.8
2025-04,APAC,Services,Alpha,0.959,8,1,0,2.6
2025-04,APAC,Services,Beta,0.956,11,3,6,2.6
2025-04,APAC,Services,Gamma,0.951,14,2,3,0.9
2025-04,APAC,Services,ServicesPlus,0.97,7,2,3,0.9
2025-05,NA,Core,Alpha,0.967,18,2,2,1.3
2025-05,NA,Core,Beta,0.938,20,2,2,2.9
2025-05,NA,Core,Gamma,0.926,18,2,0,2.2
2025-05,NA,Core,ServicesPlus,0.943,12,1,2,0.8
2025-05,NA,Growth,Alpha,0.907,25,2,4,1.1
2025-05,NA,Growth,Beta,0.928,28,4,4,0.2
2025-05,NA,Growth,Gamma,0.901,25,1,2,1.9
2025-05,NA,Growth,ServicesPlus,0.949,21,3,7,2.9
2025-05,NA,Services,Alpha,0.964,9,1,4,2.7
2025-05,NA,Services,Beta,0.965,7,2,5,0.5
2025-05,NA,Services,Gamma,0.971,12,2,2,0.2
2025-05,NA,Services,ServicesPlus,0.961,17,2,1,4.1
2025-05,EMEA,Core,Alpha,0.953,15,2,2,0.0
2025-05,EMEA,Core,Beta,0.932,13,2,3,0.5
2025-05,EMEA,Core,Gamma,0.924,15,3,4,0.0
2025-05,EMEA,Core,ServicesPlus,0.968,17,3,3,1.4
2025-05,EMEA,Growth,Alpha,0.902,28,3,3,2.5
2025-05,EMEA,Growth,Beta,0.906,18,3,1,3.2
2025-05,EMEA,Growth,Gamma,0.928,26,2,0,1.5
2025-05,EMEA,Growth,ServicesPlus,0.929,20,2,7,1.7
2025-05,EMEA,Services,Alpha,0.982,13,3,3,4.6
2025-05,EMEA,Services,Beta,0.97,16,3,1,1.9
2025-05,EMEA,Services,Gamma,0.97,10,3,1,2.0
2025-05,EMEA,Services,ServicesPlus,0.961,10,0,4,0.7
2025-05,APAC,Core,Alpha,0.942,16,3,6,0.3
2025-05,APAC,Core,Beta,0.943,17,0,2,0.1
2025-05,APAC,Core,Gamma,0.942,18,2,3,2.1
2025-05,APAC,Core,ServicesPlus,0.94,17,1,2,1.1
2025-05,APAC,Growth,Alpha,0.933,17,1,2,1.4
2025-05,APAC,Growth,Beta,0.943,22,2,4,1.3
2025-05,APAC,Growth,Gamma,0.913,24,4,0,0.7
2025-05,APAC,Growth,ServicesPlus,0.909,22,4,4,1.6
2025-05,APAC,Services,Alpha,0.941,12,2,5,2.5
2025-05,APAC,Services,Beta,0.951,8,3,1,0.5
2025-05,APAC,Services,Gamma,0.965,7,5,3,2.6
2025-05,APAC,Services,ServicesPlus,0.952,12,2,1,3.1
2025-06,NA,Core,Alpha,0.958,15,2,2,1.7
2025-06,NA,Core,Beta,0.942,16,1,1,1.3
2025-06,NA,Core,Gamma,0.944,18,1,2,2.6
2025-06,NA,Core,ServicesPlus,0.945,24,3,0,1.7
2025-06,NA,Growth,Alpha,0.919,21,2,2,0.0
2025-06,NA,Growth,Beta,0.913,27,1,2,1.3
2025-06,NA,Growth,Gamma,0.924,22,2,1,0.0
2025-06,NA,Growth,ServicesPlus,0.921,23,1,4,0.1
2025-06,NA,Services,Alpha,0.96,8,2,4,2.5
2025-06,NA,Services,Beta,0.95,13,2,6,0.1
2025-06,NA,Services,Gamma,0.936,8,4,2,2.0
2025-06,NA,Services,ServicesPlus,0.981,10,1,4,1.4
2025-06,EMEA,Core,Alpha,0.936,22,2,2,2.1
2025-06,EMEA,Core,Beta,0.947,22,2,3,2.6
2025-06,EMEA,Core,Gamma,0.928,18,1,3,0.0
2025-06,EMEA,Core,ServicesPlus,0.935,16,2,3,2.0
2025-06,EMEA,Growth,Alpha,0.905,28,3,2,2.5
2025-06,EMEA,Growth,Beta,0.914,19,3,5,1.3
2025-06,EMEA,Growth,Gamma,0.913,22,3,3,1.3
2025-06,EMEA,Growth,ServicesPlus,0.935,22,2,4,1.6
2025-06,EMEA,Services,Alpha,0.957,12,2,3,0.4
2025-06,EMEA,Services,Beta,0.949,12,3,2,3.8
2025-06,EMEA,Services,Gamma,0.936,9,2,2,1.6
2025-06,EMEA,Services,ServicesPlus,0.957,8,2,2,2.3
2025-06,APAC,Core,Alpha,0.93,20,4,2,1.6
2025-06,APAC,Core,Beta,0.932,19,2,2,2.2
2025-06,APAC,Core,Gamma,0.913,18,2,3,1.4
2025-06,APAC,Core,ServicesPlus,0.933,21,4,1,1.8
2025-06,APAC,Growth,Alpha,0.918,22,1,3,1.6
2025-06,APAC,Growth,Beta,0.923,25,3,4,1.7
2025-06,APAC,Growth,Gamma,0.933,23,4,1,3.6
2025-06,APAC,Growth,ServicesPlus,0.927,23,4,3,1.5
2025-06,APAC,Services,Alpha,0.964,11,4,6,0.0
2025-06,APAC,Services,Beta,0.963,10,7,1,1.3
2025-06,APAC,Services,Gamma,0.954,6,2,4,1.6
2025-06,APAC,Services,ServicesPlus,0.976,11,2,2,0.2
2025-07,NA,Core,Alpha,0.95,22,1,1,0.0
2025-07,NA,Core,Beta,0.931,15,1,5,2.3
2025-07,NA,Core,Gamma,0.958,14,3,4,2.4
2025-07,NA,Core,ServicesPlus,0.906,15,4,4,0.0
2025-07,NA,Growth,Alpha,0.928,18,2,1,3.5
2025-07,NA,Growth,Beta,0.92,21,1,4,1.2
2025-07,NA,Growth,Gamma,0.915,30,0,1,2.1
2025-07,NA,Growth,ServicesPlus,0.92,18,1,2,2.3
2025-07,NA,Services,Alpha,0.959,11,1,2,0.4
2025-07,NA,Services,Beta,0.99,10,3,2,1.8
2025-07,NA,Services,Gamma,0.949,5,1,3,2.9
2025-07,NA,Services,ServicesPlus,0.971,11,0,4,0.9
2025-07,EMEA,Core,Alpha,0.954,17,0,4,1.5
2025-07,EMEA,Core,Beta,0.941,19,4,4,3.1
2025-07,EMEA,Core,Gamma,0.947,17,2,2,0.6
2025-07,EMEA,Core,ServicesPlus,0.945,21,3,2,1.2
2025-07,EMEA,Growth,Alpha,0.921,22,2,1,1.3
2025-07,EMEA,Growth,Beta,0.915,21,2,2,0.0
2025-07,EMEA,Growth,Gamma,0.928,23,1,2,1.5
2025-07,EMEA,Growth,ServicesPlus,0.908,25,0,6,0.6
2025-07,EMEA,Services,Alpha,0.964,8,1,4,0.0
2025-07,EMEA,Services,Beta,0.958,9,0,4,2.6
2025-07,EMEA,Services,Gamma,0.974,11,4,4,1.1
2025-07,EMEA,Services,ServicesPlus,0.955,8,2,3,1.3
2025-07,APAC,Core,Alpha,0.986,15,1,2,2.4
2025-07,APAC,Core,Beta,0.929,17,2,3,2.6
2025-07,APAC,Core,Gamma,0.932,15,1,6,2.7
2025-07,APAC,Core,ServicesPlus,0.932,18,2,2,2.9
2025-07,APAC,Growth,Alpha,0.93,26,2,4,0.7
2025-07,APAC,Growth,Beta,0.925,21,2,5,1.9
2025-07,APAC,Growth,Gamma,0.916,27,1,1,2.5
2025-07,APAC,Growth,ServicesPlus,0.928,23,2,2,0.0
2025-07,APAC,Services,Alpha,0.962,11,2,6,2.6
2025-07,APAC,Services,Beta,0.956,11,4,5,0.9
2025-07,APAC,Services,Gamma,0.954,14,0,3,0.0
2025-07,APAC,Services,ServicesPlus,0.959,7,4,4,1.8
2025-08,NA,Core,Alpha,0.944,18,3,0,0.8
2025-08,NA,Core,Beta,0.942,17,3,4,2.2
2025-08,NA,Core,Gamma,0.955,16,2,2,1.7
2025-08,NA,Core,ServicesPlus,0.948,19,3,0,2.0
2025-08,NA,Growth,Alpha,0.918,21,4,5,2.6
2025-08,NA,Growth,Beta,0.894,23,3,1,1.8
2025-08,NA,Growth,Gamma,0.949,20,2,3,1.6
2025-08,NA,Growth,ServicesPlus,0.923,24,3,2,3.3
2025-08,NA,Services,Alpha,0.983,11,0,4,1.6
2025-08,NA,Services,Beta,0.96,11,3,3,0.0
2025-08,NA,Services,Gamma,0.968,10,1,4,0.7
2025-08,NA,Services,ServicesPlus,0.952,11,3,5,1.0
2025-08,EMEA,Core,Alpha,0.909,20,1,3,1.0
2025-08,EMEA,Core,Beta,0.966,17,1,2,2.8
2025-08,EMEA,Core,Gamma,0.939,20,2,3,0.1
2025-08,EMEA,Core,ServicesPlus,0.945,13,1,1,1.7
2025-08,EMEA,Growth,Alpha,0.916,24,0,5,1.1
2025-08,EMEA,Growth,Beta,0.912,24,0,2,0.7
2025-08,EMEA,Growth,Gamma,0.915,24,0,1,1.3
2025-08,EMEA,Growth,ServicesPlus,0.896,28,3,1,1.6
2025-08,EMEA,Services,Alpha,0.959,11,3,2,0.7
2025-08,EMEA,Services,Beta,0.969,8,3,8,0.4
2025-08,EMEA,Services,Gamma,0.942,11,1,2,3.3
2025-08,EMEA,Services,ServicesPlus,0.952,10,2,2,1.1
2025-08,APAC,Core,Alpha,0.958,23,2,3,3.0
2025-08,APAC,Core,Beta,0.943,16,2,1,3.8
2025-08,APAC,Core,Gamma,0.837,26,5,13,8.5
2025-08,APAC,Core,ServicesPlus,0.944,18,0,3,1.4
2025-08,APAC,Growth,Alpha,0.899,23,4,4,1.0
2025-08,APAC,Growth,Beta,0.926,21,0,2,0.0
2025-08,APAC,Growth,Gamma,0.811,32,7,13,7.3
2025-08,APAC,Growth,ServicesPlus,0.925,21,1,5,1.1
2025-08,APAC,Services,Alpha,0.944,13,0,2,2.0
2025-08,APAC,Services,Beta,0.961,8,0,4,2.2
2025-08,APAC,Services,Gamma,0.864,20,8,12,10.1
2025-08,APAC,Services,ServicesPlus,0.969,10,1,6,2.4
2025-09,NA,Core,Alpha,0.926,20,1,3,2.2
2025-09,NA,Core,Beta,0.93,20,1,2,2.2
2025-09,NA,Core,Gamma,0.933,16,4,5,2.6
2025-09,NA,Core,ServicesPlus,0.954,21,2,6,2.3
2025-09,NA,Growth,Alpha,0.92,23,4,1,1.8
2025-09,NA,Growth,Beta,0.923,24,2,2,3.8
2025-09,NA,Growth,Gamma,0.928,25,1,1,0.5
2025-09,NA,Growth,ServicesPlus,0.925,22,0,2,0.0
2025-09,NA,Services,Alpha,0.968,12,0,7,2.4
2025-09,NA,Services,Beta,0.943,10,0,1,3.7
2025-09,NA,Services,Gamma,0.947,15,3,2,2.4
2025-09,NA,Services,ServicesPlus,0.981,8,4,5,1.7
2025-09,EMEA,Core,Alpha,0.912,19,3,2,1.1
2025-09,EMEA,Core,Beta,0.919,22,1,1,0.9
2025-09,EMEA,Core,Gamma,0.968,17,2,1,1.9
2025-09,EMEA,Core,ServicesPlus,0.938,13,3,5,3.3
2025-09,EMEA,Growth,Alpha,0.933,22,4,3,1.7
2025-09,EMEA,Growth,Beta,0.924,27,2,3,1.8
2025-09,EMEA,Growth,Gamma,0.939,18,1,3,2.0
2025-09,EMEA,Growth,ServicesPlus,0.885,21,0,3,3.6
2025-09,EMEA,Services,Alpha,0.965,10,2,2,1.6
2025-09,EMEA,Services,Beta,0.94,10,4,3,4.0
2025-09,EMEA,Services,Gamma,0.973,11,2,1,1.7
2025-09,EMEA,Services,ServicesPlus,0.95,16,2,2,2.5
2025-09,APAC,Core,Alpha,0.922,11,2,3,0.2
2025-09,APAC,Core,Beta,0.946,26,2,3,0.0
2025-09,APAC,Core,Gamma,0.905,24,5,8,4.1
2025-09,APAC,Core,ServicesPlus,0.946,21,1,1,1.3
2025-09,APAC,Growth,Alpha,0.933,17,1,5,0.6
2025-09,APAC,Growth,Beta,0.896,26,2,4,1.6
2025-09,APAC,Growth,Gamma,0.868,26,6,8,4.0
2025-09,APAC,Growth,ServicesPlus,0.936,22,2,3,2.8
2025-09,APAC,Services,Alpha,0.949,12,2,2,1.4
2025-09,APAC,Services,Beta,0.966,11,4,1,1.4
2025-09,APAC,Services,Gamma,0.898,16,3,12,5.1
2025-09,APAC,Services,ServicesPlus,0.938,13,2,4,1.2
2025-10,NA,Core,Alpha,0.916,21,2,3,1.1
2025-10,NA,Core,Beta,0.928,15,0,7,0.6
2025-10,NA,Core,Gamma,0.942,16,0,5,2.3
2025-10,NA,Core,ServicesPlus,0.908,17,2,5,0.4
2025-10,NA,Growth,Alpha,0.946,25,1,1,1.0
2025-10,NA,Growth,Beta,0.939,21,2,2,2.1
2025-10,NA,Growth,Gamma,0.921,24,5,3,2.8
2025-10,NA,Growth,ServicesPlus,0.945,20,0,1,2.1
2025-10,NA,Services,Alpha,0.926,8,2,4,2.5
2025-10,NA,Services,Beta,0.954,10,1,3,2.8
2025-10,NA,Services,Gamma,0.975,8,1,3,0.0
2025-10,NA,Services,ServicesPlus,0.972,5,2,3,2.4
2025-10,EMEA,Core,Alpha,0.939,16,2,5,1.6
2025-10,EMEA,Core,Beta,0.94,18,1,4,0.3
2025-10,EMEA,Core,Gamma,0.931,21,1,2,0.9
2025-10,EMEA,Core,ServicesPlus,0.924,19,2,4,2.1
2025-10,EMEA,Growth,Alpha,0.918,20,1,3,1.7
2025-10,EMEA,Growth,Beta,0.892,24,4,0,1.0
2025-10,EMEA,Growth,Gamma,0.907,22,0,7,2.3
2025-10,EMEA,Growth,ServicesPlus,0.906,22,3,4,3.4
2025-10,EMEA,Services,Alpha,0.945,5,4,6,0.5
2025-10,EMEA,Services,Beta,0.952,6,7,5,0.8
2025-10,EMEA,Services,Gamma,0.977,11,3,1,3.5
2025-10,EMEA,Services,ServicesPlus,0.957,6,2,2,3.1
2025-10,APAC,Core,Alpha,0.922,22,1,2,1.5
2025-10,APAC,Core,Beta,0.949,15,0,1,0.6
2025-10,APAC,Core,Gamma,0.92,20,3,2,1.0
2025-10,APAC,Core,ServicesPlus,0.933,18,0,6,2.7
2025-10,APAC,Growth,Alpha,0.91,20,3,0,1.3
2025-10,APAC,Growth,Beta,0.904,25,3,2,1.6
2025-10,APAC,Growth,Gamma,0.924,21,2,1,1.5
2025-10,APAC,Growth,ServicesPlus,0.905,26,0,1,1.5
2025-10,APAC,Services,Alpha,0.946,10,1,3,0.1
2025-10,APAC,Services,Beta,0.956,7,1,2,1.9
2025-10,APAC,Services,Gamma,0.958,11,1,0,0.0
2025-10,APAC,Services,ServicesPlus,0.965,10,2,4,0.0
2025-11,NA,Core,Alpha,0.936,17,2,1,0.6
2025-11,NA,Core,Beta,0.963,16,1,3,0.0
2025-11,NA,Core,Gamma,0.976,18,1,3,2.5
2025-11,NA,Core,ServicesPlus,0.925,14,4,1,2.8
2025-11,NA,Growth,Alpha,0.936,26,3,0,0.8
2025-11,NA,Growth,Beta,0.909,21,3,2,0.8
2025-11,NA,Growth,Gamma,0.909,23,0,1,0.0
2025-11,NA,Growth,ServicesPlus,0.892,12,2,4,1.7
2025-11,NA,Services,Alpha,0.947,10,4,3,0.7
2025-11,NA,Services,Beta,0.983,13,2,2,3.1
2025-11,NA,Services,Gamma,0.967,15,1,2,1.5
2025-11,NA,Services,ServicesPlus,0.933,6,0,3,1.6
2025-11,EMEA,Core,Alpha,0.938,16,1,1,1.1
2025-11,EMEA,Core,Beta,0.918,21,2,3,1.0
2025-11,EMEA,Core,Gamma,0.953,18,3,1,1.2
2025-11,EMEA,Core,ServicesPlus,0.919,16,3,0,0.5
2025-11,EMEA,Growth,Alpha,0.939,28,2,4,2.8
2025-11,EMEA,Growth,Beta,0.899,22,0,2,2.3
2025-11,EMEA,Growth,Gamma,0.913,22,1,2,0.7
2025-11,EMEA,Growth,ServicesPlus,0.93,24,2,3,2.6
2025-11,EMEA,Services,Alpha,0.961,7,4,4,1.5
2025-11,EMEA,Services,Beta,0.956,10,3,1,1.3
2025-11,EMEA,Services,Gamma,0.965,13,1,2,2.5
2025-11,EMEA,Services,ServicesPlus,0.949,10,2,6,1.0
2025-11,APAC,Core,Alpha,0.954,17,3,1,0.0
2025-11,APAC,Core,Beta,0.946,20,2,3,1.6
2025-11,APAC,Core,Gamma,0.909,22,4,1,1.6
2025-11,APAC,Core,ServicesPlus,0.95,16,0,2,0.5
2025-11,APAC,Growth,Alpha,0.902,24,1,1,1.8
2025-11,APAC,Growth,Beta,0.91,25,1,1,4.9
2025-11,APAC,Growth,Gamma,0.908,21,3,3,2.6
2025-11,APAC,Growth,ServicesPlus,0.911,26,3,2,0.0
2025-11,APAC,Services,Alpha,0.961,9,2,6,1.1
2025-11,APAC,Services,Beta,0.975,12,1,5,1.1
2025-11,APAC,Services,Gamma,0.949,8,2,3,1.7
2025-11,APAC,Services,ServicesPlus,0.99,9,3,3,2.8
2025-12,NA,Core,Alpha,0.93,19,2,5,2.4
2025-12,NA,Core,Beta,0.949,16,3,2,1.7
2025-12,NA,Core,Gamma,0.94,18,0,0,1.2
2025-12,NA,Core,ServicesPlus,0.964,21,3,5,1.9
2025-12,NA,Growth,Alpha,0.928,23,0,1,3.3
2025-12,NA,Growth,Beta,0.897,20,2,8,1.9
2025-12,NA,Growth,Gamma,0.932,22,4,1,0.9
2025-12,NA,Growth,ServicesPlus,0.897,20,1,3,1.4
2025-12,NA,Services,Alpha,0.964,7,1,0,2.5
2025-12,NA,Services,Beta,0.965,9,8,1,3.4
2025-12,NA,Services,Gamma,0.942,13,1,5,2.5
2025-12,NA,Services,ServicesPlus,0.961,7,1,2,2.6
2025-12,EMEA,Core,Alpha,0.935,16,2,2,3.4
2025-12,EMEA,Core,Beta,0.933,16,2,5,1.6
2025-12,EMEA,Core,Gamma,0.946,16,2,2,0.5
2025-12,EMEA,Core,ServicesPlus,0.937,19,1,3,0.8
2025-12,EMEA,Growth,Alpha,0.92,19,1,4,0.8
2025-12,EMEA,Growth,Beta,0.928,24,1,1,3.5
2025-12,EMEA,Growth,Gamma,0.919,26,1,3,1.5
2025-12,EMEA,Growth,ServicesPlus,0.932,21,2,1,2.0
2025-12,EMEA,Services,Alpha,0.969,5,1,3,2.3
2025-12,EMEA,Services,Beta,0.955,8,5,2,3.4
2025-12,EMEA,Services,Gamma,0.977,10,0,6,1.0
2025-12,EMEA,Services,ServicesPlus,0.973,8,2,3,0.7
2025-12,APAC,Core,Alpha,0.909,18,2,1,2.1
2025-12,APAC,Core,Beta,0.931,19,0,4,1.8
2025-12,APAC,Core,Gamma,0.962,17,0,2,1.0
2025-12,APAC,Core,ServicesPlus,0.918,18,5,2,1.1
2025-12,APAC,Growth,Alpha,0.929,22,0,2,1.8
2025-12,APAC,Growth,Beta,0.932,22,0,5,0.0
2025-12,APAC,Growth,Gamma,0.892,25,0,5,0.6
2025-12,APAC,Growth,ServicesPlus,0.923,23,2,5,1.8
2025-12,APAC,Services,Alpha,0.969,11,1,7,0.2
2025-12,APAC,Services,Beta,0.95,12,3,8,0.1
2025-12,APAC,Services,Gamma,0.976,7,1,1,2.8
2025-12,APAC,Services,ServicesPlus,0.987,8,4,4,1.3
